-- phpMyAdmin SQL Dump
-- version 4.5.1
-- http://www.phpmyadmin.net
--
-- Host: 127.0.0.1
-- Generation Time: Jul 15, 2016 at 07:56 PM
-- Server version: 10.1.9-MariaDB
-- PHP Version: 5.6.15

SET SQL_MODE = "NO_AUTO_VALUE_ON_ZERO";
SET time_zone = "+00:00";


/*!40101 SET @OLD_CHARACTER_SET_CLIENT=@@CHARACTER_SET_CLIENT */;
/*!40101 SET @OLD_CHARACTER_SET_RESULTS=@@CHARACTER_SET_RESULTS */;
/*!40101 SET @OLD_COLLATION_CONNECTION=@@COLLATION_CONNECTION */;
/*!40101 SET NAMES utf8mb4 */;

--
-- Database: `raahgiri_db`
--

-- --------------------------------------------------------

--
-- Table structure for table `facebook_pages`
--

CREATE TABLE `facebook_pages` (
  `page_id` bigint(20) UNSIGNED NOT NULL,
  `page_name` varchar(250) DEFAULT NULL,
  `fan_count` bigint(20) UNSIGNED DEFAULT NULL,
  `people_talking` bigint(20) UNSIGNED DEFAULT NULL,
  `checked_in` bigint(20) UNSIGNED DEFAULT NULL
) ENGINE=InnoDB DEFAULT CHARSET=latin1;

--
-- Dumping data for table `facebook_pages`
--

INSERT INTO `facebook_pages` (`page_id`, `page_name`, `fan_count`, `people_talking`, `checked_in`) VALUES
(423825417818512, 'Shakehands Raahgiri', 371, 2, 132),
(481433698695653, 'Cp Raahgiri', 5, 0, 4),
(601663519844755, 'CP Raahgiri', 3990, 46, 0),
(716287895148646, 'Raahgiri cp', 575, 9, 0),
(787792694662602, 'Raahgiri At Cp', 5, 0, 1),
(1062139633865321, 'Raahgiri cp', 0, 0, 0),
(1462176954087125, 'Raahgiri CP', 18, 0, 2),
(1566392036951823, 'Raahgiri Day Delhi', 6598, 401, 10340),
(1708529822714337, 'CP Raahgiri', 283, 7, 0);

-- --------------------------------------------------------

--
-- Table structure for table `miturahgiricomment_1575`
--

CREATE TABLE `miturahgiricomment_1575` (
  `year` varchar(100) NOT NULL,
  `comment_count` bigint(20) NOT NULL
) ENGINE=InnoDB DEFAULT CHARSET=latin1;

--
-- Dumping data for table `miturahgiricomment_1575`
--

INSERT INTO `miturahgiricomment_1575` (`year`, `comment_count`) VALUES
('2016', 128),
('2015', 70),
('2014', 0);

-- --------------------------------------------------------

--
-- Table structure for table `miturahgiricomment_60166`
--

CREATE TABLE `miturahgiricomment_60166` (
  `year` varchar(100) NOT NULL,
  `comment_count` bigint(20) NOT NULL
) ENGINE=InnoDB DEFAULT CHARSET=latin1;

--
-- Dumping data for table `miturahgiricomment_60166`
--

INSERT INTO `miturahgiricomment_60166` (`year`, `comment_count`) VALUES
('2016', 50),
('2015', 1),
('2014', 15);

-- --------------------------------------------------------

--
-- Table structure for table `miturahgirilike_1575`
--

CREATE TABLE `miturahgirilike_1575` (
  `year` varchar(100) NOT NULL,
  `like_count` bigint(20) NOT NULL
) ENGINE=InnoDB DEFAULT CHARSET=latin1;

--
-- Dumping data for table `miturahgirilike_1575`
--

INSERT INTO `miturahgirilike_1575` (`year`, `like_count`) VALUES
('2016', 1153),
('2015', 2660),
('2014', 0);

-- --------------------------------------------------------

--
-- Table structure for table `miturahgirilike_60166`
--

CREATE TABLE `miturahgirilike_60166` (
  `year` varchar(100) NOT NULL,
  `like_count` bigint(20) NOT NULL
) ENGINE=InnoDB DEFAULT CHARSET=latin1;

--
-- Dumping data for table `miturahgirilike_60166`
--

INSERT INTO `miturahgirilike_60166` (`year`, `like_count`) VALUES
('2016', 1133),
('2015', 75),
('2014', 299);

-- --------------------------------------------------------

--
-- Table structure for table `miturahgiripost_1575`
--

CREATE TABLE `miturahgiripost_1575` (
  `year` varchar(100) NOT NULL,
  `post_count` bigint(20) NOT NULL
) ENGINE=InnoDB DEFAULT CHARSET=latin1;

--
-- Dumping data for table `miturahgiripost_1575`
--

INSERT INTO `miturahgiripost_1575` (`year`, `post_count`) VALUES
('2016', 51),
('2015', 214),
('2014', 0);

-- --------------------------------------------------------

--
-- Table structure for table `miturahgiripost_60166`
--

CREATE TABLE `miturahgiripost_60166` (
  `year` varchar(100) NOT NULL,
  `post_count` bigint(20) NOT NULL
) ENGINE=InnoDB DEFAULT CHARSET=latin1;

--
-- Dumping data for table `miturahgiripost_60166`
--

INSERT INTO `miturahgiripost_60166` (`year`, `post_count`) VALUES
('2016', 68),
('2015', 7),
('2014', 195);

-- --------------------------------------------------------

--
-- Table structure for table `miturahgiri_fancount`
--

CREATE TABLE `miturahgiri_fancount` (
  `page_name` varchar(250) DEFAULT NULL,
  `fan_count` bigint(20) UNSIGNED DEFAULT NULL
) ENGINE=InnoDB DEFAULT CHARSET=latin1;

--
-- Dumping data for table `miturahgiri_fancount`
--

INSERT INTO `miturahgiri_fancount` (`page_name`, `fan_count`) VALUES
('Shakehands Raahgiri', 371),
('Cp Raahgiri', 5),
('CP Raahgiri', 3990),
('Raahgiri cp', 575),
('Raahgiri At Cp', 5),
('Raahgiri cp', 0),
('Raahgiri CP', 18),
('Raahgiri Day Delhi', 6598),
('CP Raahgiri', 283);

-- --------------------------------------------------------

--
-- Table structure for table `miturahgiri_people`
--

CREATE TABLE `miturahgiri_people` (
  `page_name` varchar(250) DEFAULT NULL,
  `people_talking` bigint(20) UNSIGNED DEFAULT NULL
) ENGINE=InnoDB DEFAULT CHARSET=latin1;

--
-- Dumping data for table `miturahgiri_people`
--

INSERT INTO `miturahgiri_people` (`page_name`, `people_talking`) VALUES
('Shakehands Raahgiri', 2),
('Cp Raahgiri', 0),
('CP Raahgiri', 46),
('Raahgiri cp', 9),
('Raahgiri At Cp', 0),
('Raahgiri cp', 0),
('Raahgiri CP', 0),
('Raahgiri Day Delhi', 401),
('CP Raahgiri', 7);

-- --------------------------------------------------------

--
-- Table structure for table `posts_details`
--

CREATE TABLE `posts_details` (
  `page_id` bigint(20) UNSIGNED DEFAULT NULL,
  `post_id` varchar(100) NOT NULL,
  `created_time` varchar(100) DEFAULT NULL,
  `likes` bigint(20) UNSIGNED DEFAULT NULL,
  `comments` bigint(20) UNSIGNED DEFAULT NULL
) ENGINE=InnoDB DEFAULT CHARSET=latin1;

--
-- Dumping data for table `posts_details`
--

INSERT INTO `posts_details` (`page_id`, `post_id`, `created_time`, `likes`, `comments`) VALUES
(1566392036951823, '1566392036951823_1578013262456367', '2015-04-19T03:35:40+0000', 17, 0),
(1566392036951823, '1566392036951823_1578014252456268', '2015-04-19T03:40:11+0000', 11, 0),
(1566392036951823, '1566392036951823_1578014355789591', '2015-04-19T03:40:26+0000', 19, 0),
(1566392036951823, '1566392036951823_1578016309122729', '2015-04-19T03:48:24+0000', 6, 0),
(1566392036951823, '1566392036951823_1578016379122722', '2015-04-19T03:48:30+0000', 6, 0),
(1566392036951823, '1566392036951823_1578016425789384', '2015-04-19T03:48:43+0000', 4, 0),
(1566392036951823, '1566392036951823_1578021022455591', '2015-04-19T04:05:29+0000', 5, 0),
(1566392036951823, '1566392036951823_1578040142453679', '2015-04-19T04:32:36+0000', 28, 1),
(1566392036951823, '1566392036951823_1578118385779188', '2015-04-19T08:06:20+0000', 10, 0),
(1566392036951823, '1566392036951823_1578199762437717', '2015-04-19T10:12:04+0000', 10, 0),
(1566392036951823, '1566392036951823_1578353572422336', '2015-04-19T16:22:30+0000', 23, 0),
(1566392036951823, '1566392036951823_1578356362422057', '2015-04-19T16:22:48+0000', 16, 3),
(1566392036951823, '1566392036951823_1578403092417384', '2015-04-19T16:44:45+0000', 6, 0),
(1566392036951823, '1566392036951823_1578600842397609', '2015-04-20T01:56:36+0000', 6, 0),
(1566392036951823, '1566392036951823_1578874935703533', '2015-04-20T14:41:43+0000', 24, 0),
(1566392036951823, '1566392036951823_1579038775687149', '2015-04-21T00:38:46+0000', 14, 0),
(1566392036951823, '1566392036951823_1579366982320995', '2015-04-22T00:27:45+0000', 5, 0),
(1566392036951823, '1566392036951823_1579367302320963', '2015-04-22T00:29:38+0000', 15, 1),
(1566392036951823, '1566392036951823_1579419222315771', '2015-04-22T02:33:30+0000', 5, 0),
(1566392036951823, '1566392036951823_1579861445604882', '2015-04-23T02:08:15+0000', 24, 0),
(1566392036951823, '1566392036951823_1579870525603974', '2015-04-23T02:43:07+0000', 11, 1),
(1566392036951823, '1566392036951823_1579870615603965', '2015-04-23T02:43:32+0000', 5, 1),
(1566392036951823, '1566392036951823_1580724885518538', '2015-04-25T12:30:46+0000', 9, 0),
(1566392036951823, '1566392036951823_1580793532178340', '2015-04-25T16:20:15+0000', 21, 7),
(1566392036951823, '1566392036951823_1580959922161701', '2015-04-26T05:35:28+0000', 18, 1),
(1566392036951823, '1566392036951823_1580960035495023', '2015-04-26T05:36:05+0000', 3, 0),
(1566392036951823, '1566392036951823_1581028872154806', '2015-04-26T10:13:49+0000', 12, 0),
(1566392036951823, '1566392036951823_1582536412004052', '2015-04-30T16:51:19+0000', 11, 0),
(1566392036951823, '1566392036951823_1583062158618144', '2015-05-02T12:21:06+0000', 14, 2),
(1566392036951823, '1566392036951823_1583214868602873', '2015-05-03T01:56:44+0000', 10, 0),
(1566392036951823, '1566392036951823_1583225148601845', '2015-05-03T03:01:40+0000', 6, 0),
(1566392036951823, '1566392036951823_1583245341933159', '2015-05-03T05:29:35+0000', 11, 2),
(1566392036951823, '1566392036951823_1583245398599820', '2015-05-03T05:29:48+0000', 10, 1),
(1566392036951823, '1566392036951823_1583245461933147', '2015-05-03T05:29:58+0000', 8, 0),
(1566392036951823, '1566392036951823_1583245521933141', '2015-05-03T06:30:14+0000', 21, 1),
(1566392036951823, '1566392036951823_1583245598599800', '2015-05-03T07:30:40+0000', 38, 0),
(1566392036951823, '1566392036951823_1583303695260657', '2015-05-03T10:02:34+0000', 5, 3),
(1566392036951823, '1566392036951823_1583309165260110', '2015-05-03T10:26:08+0000', 6, 1),
(1566392036951823, '1566392036951823_1583309215260105', '2015-05-03T11:26:17+0000', 10, 3),
(1566392036951823, '1566392036951823_1583309265260100', '2015-05-03T11:00:30+0000', 8, 1),
(1566392036951823, '1566392036951823_1583309805260046', '2015-05-03T13:29:53+0000', 12, 1),
(1566392036951823, '1566392036951823_1583309885260038', '2015-05-03T10:30:12+0000', 4, 1),
(1566392036951823, '1566392036951823_1583309921926701', '2015-05-03T14:30:21+0000', 5, 0),
(1566392036951823, '1566392036951823_1583310688593291', '2015-05-03T10:31:16+0000', 9, 0),
(1566392036951823, '1566392036951823_1583522455238781', '2015-05-04T05:11:19+0000', 3, 0),
(1566392036951823, '1566392036951823_1583609175230109', '2015-05-04T12:03:53+0000', 7, 0),
(1566392036951823, '1566392036951823_1583609848563375', '2015-05-04T12:07:23+0000', 3, 0),
(1566392036951823, '1566392036951823_1583944968529863', '2015-05-05T18:40:09+0000', 109, 0),
(1566392036951823, '1566392036951823_1584298388494521', '2015-05-06T11:54:25+0000', 11, 0),
(1566392036951823, '1566392036951823_1584877878436572', '2015-05-08T13:32:59+0000', 9, 0),
(1566392036951823, '1566392036951823_1584878428436517', '2015-05-08T13:36:33+0000', 7, 0),
(1566392036951823, '1566392036951823_1585117211745972', '2015-05-09T12:32:23+0000', 13, 0),
(1566392036951823, '1566392036951823_1585159701741723', '2015-05-09T16:31:02+0000', 13, 0),
(1566392036951823, '1566392036951823_1585240365066990', '2015-05-10T01:10:26+0000', 6, 0),
(1566392036951823, '1566392036951823_1585240398400320', '2015-05-10T01:10:41+0000', 5, 0),
(1566392036951823, '1566392036951823_1585270581730635', '2015-05-10T04:21:00+0000', 3, 0),
(1566392036951823, '1566392036951823_1585295678394792', '2015-05-10T06:41:53+0000', 13, 0),
(1566392036951823, '1566392036951823_1585298218394538', '2015-05-10T07:04:46+0000', 4, 0),
(1566392036951823, '1566392036951823_1585300555060971', '2015-05-10T07:21:20+0000', 12, 0),
(1566392036951823, '1566392036951823_1585303431727350', '2015-05-10T07:44:56+0000', 10, 0),
(1566392036951823, '1566392036951823_1585310775059949', '2015-05-10T08:16:05+0000', 6, 0),
(1566392036951823, '1566392036951823_1585321608392199', '2015-05-10T09:36:36+0000', 4, 0),
(1566392036951823, '1566392036951823_1585683225022704', '2015-05-11T13:16:45+0000', 5, 0),
(1566392036951823, '1566392036951823_1585683508356009', '2015-05-11T13:17:40+0000', 7, 0),
(1566392036951823, '1566392036951823_1585683621689331', '2015-05-11T13:17:56+0000', 7, 0),
(1566392036951823, '1566392036951823_1585685938355766', '2015-05-11T13:25:06+0000', 6, 1),
(1566392036951823, '1566392036951823_1585688221688871', '2015-05-11T13:30:52+0000', 15, 0),
(1566392036951823, '1566392036951823_1585885635002463', '2015-05-12T11:36:28+0000', 14, 0),
(1566392036951823, '1566392036951823_1585927674998259', '2015-05-12T15:12:44+0000', 7, 0),
(1566392036951823, '1566392036951823_1585933214997705', '2015-05-12T15:43:39+0000', 12, 0),
(1566392036951823, '1566392036951823_1585937424997284', '2015-05-12T16:09:14+0000', 9, 0),
(1566392036951823, '1566392036951823_1586026098321750', '2015-05-13T03:07:28+0000', 14, 1),
(1566392036951823, '1566392036951823_1586057178318642', '2015-05-13T05:11:00+0000', 4, 0),
(1566392036951823, '1566392036951823_1586198878304472', '2015-05-13T13:56:13+0000', 5, 0),
(1566392036951823, '1566392036951823_1586212611636432', '2015-05-13T14:25:28+0000', 12, 0),
(1566392036951823, '1566392036951823_1586369898287370', '2015-05-14T02:01:56+0000', 5, 0),
(1566392036951823, '1566392036951823_1586371324953894', '2015-05-14T02:18:54+0000', 8, 0),
(1566392036951823, '1566392036951823_1586371364953890', '2015-05-14T04:19:09+0000', 9, 0),
(1566392036951823, '1566392036951823_1586371398287220', '2015-05-14T06:19:21+0000', 11, 0),
(1566392036951823, '1566392036951823_1586371451620548', '2015-05-14T05:19:32+0000', 8, 0),
(1566392036951823, '1566392036951823_1586371481620545', '2015-05-14T07:19:44+0000', 8, 0),
(1566392036951823, '1566392036951823_1586371521620541', '2015-05-14T11:20:00+0000', 5, 0),
(1566392036951823, '1566392036951823_1586371604953866', '2015-05-14T15:20:11+0000', 13, 0),
(1566392036951823, '1566392036951823_1586371681620525', '2015-05-14T05:29:26+0000', 12, 0),
(1566392036951823, '1566392036951823_1586371764953850', '2015-05-14T13:20:46+0000', 16, 0),
(1566392036951823, '1566392036951823_1586371801620513', '2015-05-14T16:21:01+0000', 10, 0),
(1566392036951823, '1566392036951823_1586373001620393', '2015-05-15T02:29:12+0000', 9, 0),
(1566392036951823, '1566392036951823_1586373181620375', '2015-05-15T04:29:22+0000', 7, 0),
(1566392036951823, '1566392036951823_1586373251620368', '2015-05-14T09:29:36+0000', 9, 0),
(1566392036951823, '1566392036951823_1586373318287028', '2015-05-14T08:29:53+0000', 6, 0),
(1566392036951823, '1566392036951823_1586373498287010', '2015-05-15T07:30:09+0000', 14, 0),
(1566392036951823, '1566392036951823_1586373561620337', '2015-05-14T08:30:23+0000', 8, 0),
(1566392036951823, '1566392036951823_1586722311585462', '2015-05-15T13:12:16+0000', 3, 0),
(1566392036951823, '1566392036951823_1586722354918791', '2015-05-15T15:12:25+0000', 12, 3),
(1566392036951823, '1566392036951823_1586722421585451', '2015-05-15T16:12:41+0000', 5, 0),
(1566392036951823, '1566392036951823_1586722508252109', '2015-05-15T16:13:08+0000', 22, 0),
(1566392036951823, '1566392036951823_1586722604918766', '2015-05-17T03:13:30+0000', 21, 0),
(1566392036951823, '1566392036951823_1586722748252085', '2015-05-15T14:13:56+0000', 8, 0),
(1566392036951823, '1566392036951823_1586722804918746', '2015-05-16T05:14:13+0000', 6, 0),
(1566392036951823, '1566392036951823_1586722881585405', '2015-05-17T13:14:33+0000', 23, 0),
(1566392036951823, '1566392036951823_1586723011585392', '2015-05-16T06:14:54+0000', 7, 0),
(1566392036951823, '1566392036951823_1586723124918714', '2015-05-15T22:15:16+0000', 6, 0),
(1566392036951823, '1566392036951823_1586723244918702', '2015-05-16T07:15:51+0000', 3, 0),
(1566392036951823, '1566392036951823_1586723291585364', '2015-05-16T09:16:09+0000', 9, 0),
(1566392036951823, '1566392036951823_1586723368252023', '2015-05-15T15:16:36+0000', 18, 0),
(1566392036951823, '1566392036951823_1587383784852648', '2015-05-17T07:57:02+0000', 4, 0),
(1566392036951823, '1566392036951823_1587531054837921', '2015-05-17T11:28:28+0000', 1, 0),
(1566392036951823, '1566392036951823_1587531314837895', '2015-05-17T11:30:08+0000', 2, 0),
(1566392036951823, '1566392036951823_1587531671504526', '2015-05-17T11:33:11+0000', 6, 0),
(1566392036951823, '1566392036951823_1587531728171187', '2015-05-17T12:33:18+0000', 11, 0),
(1566392036951823, '1566392036951823_1587664548157905', '2015-05-17T15:15:06+0000', 9, 0),
(1566392036951823, '1566392036951823_1587664834824543', '2015-05-17T17:16:09+0000', 6, 0),
(1566392036951823, '1566392036951823_1587664954824531', '2015-05-17T15:16:39+0000', 5, 0),
(1566392036951823, '1566392036951823_1587674234823603', '2015-05-17T15:43:46+0000', 70, 3),
(1566392036951823, '1566392036951823_1587674671490226', '2015-05-18T04:45:09+0000', 10, 0),
(1566392036951823, '1566392036951823_1587680981489595', '2015-05-17T16:30:24+0000', 9, 1),
(1566392036951823, '1566392036951823_1587682538156106', '2015-05-18T07:16:54+0000', 9, 0),
(1566392036951823, '1566392036951823_1587695241488169', '2015-05-18T12:20:26+0000', 3, 0),
(1566392036951823, '1566392036951823_1587695374821489', '2015-05-18T08:20:47+0000', 2, 0),
(1566392036951823, '1566392036951823_1587695444821482', '2015-05-18T04:21:07+0000', 6, 0),
(1566392036951823, '1566392036951823_1587695504821476', '2015-05-18T17:21:34+0000', 5, 0),
(1566392036951823, '1566392036951823_1587695614821465', '2015-05-19T04:21:52+0000', 24, 1),
(1566392036951823, '1566392036951823_1587851531472540', '2015-05-19T05:08:53+0000', 11, 0),
(1566392036951823, '1566392036951823_1587851708139189', '2015-05-19T12:09:43+0000', 7, 0),
(1566392036951823, '1566392036951823_1587851904805836', '2015-05-19T03:10:10+0000', 13, 0),
(1566392036951823, '1566392036951823_1587852161472477', '2015-05-21T04:10:42+0000', 5, 0),
(1566392036951823, '1566392036951823_1587852384805788', '2015-05-22T03:11:20+0000', 6, 0),
(1566392036951823, '1566392036951823_1587852478139112', '2015-05-20T05:18:18+0000', 7, 0),
(1566392036951823, '1566392036951823_1587852808139079', '2015-05-21T03:12:20+0000', 5, 0),
(1566392036951823, '1566392036951823_1587853058139054', '2015-05-18T11:13:04+0000', 17, 0),
(1566392036951823, '1566392036951823_1587853148139045', '2015-05-19T12:13:25+0000', 19, 0),
(1566392036951823, '1566392036951823_1587853198139040', '2015-05-20T15:58:39+0000', 33, 0),
(1566392036951823, '1566392036951823_1587853274805699', '2015-05-22T04:14:14+0000', 10, 0),
(1566392036951823, '1566392036951823_1588792294711797', '2015-05-20T03:56:45+0000', 24, 0),
(1566392036951823, '1566392036951823_1588792378045122', '2015-05-21T14:59:29+0000', 12, 0),
(1566392036951823, '1566392036951823_1589408867983473', '2015-05-19T12:44:53+0000', 6, 0),
(1566392036951823, '1566392036951823_1591035384487488', '2015-05-25T04:54:03+0000', 3, 0),
(1566392036951823, '1566392036951823_1591035467820813', '2015-05-25T04:54:46+0000', 3, 0),
(1566392036951823, '1566392036951823_1591035561154137', '2015-05-25T06:54:53+0000', 2, 0),
(1566392036951823, '1566392036951823_1591088604482166', '2015-05-25T08:17:58+0000', 1, 0),
(1566392036951823, '1566392036951823_1591393091118384', '2015-05-26T02:56:11+0000', 15, 0),
(1566392036951823, '1566392036951823_1592156894375337', '2015-05-28T03:18:37+0000', 11, 0),
(1566392036951823, '1566392036951823_1592156954375331', '2015-05-28T07:18:46+0000', 6, 0),
(1566392036951823, '1566392036951823_1592157084375318', '2015-05-29T03:19:02+0000', 8, 0),
(1566392036951823, '1566392036951823_1592157154375311', '2015-05-29T08:19:14+0000', 11, 0),
(1566392036951823, '1566392036951823_1592157214375305', '2015-05-28T10:19:30+0000', 6, 0),
(1566392036951823, '1566392036951823_1592157331041960', '2015-05-29T11:19:50+0000', 8, 0),
(1566392036951823, '1566392036951823_1592157394375287', '2015-05-30T06:20:08+0000', 34, 1),
(1566392036951823, '1566392036951823_1593339247590435', '2015-05-31T03:30:17+0000', 4, 0),
(1566392036951823, '1566392036951823_1594298447494515', '2015-06-02T15:07:11+0000', 11, 0),
(1566392036951823, '1566392036951823_1595572024033824', '2015-06-04T04:31:47+0000', 6, 0),
(1566392036951823, '1566392036951823_1596493693941657', '2015-06-06T12:56:26+0000', 15, 0),
(1566392036951823, '1566392036951823_1596585037265856', '2015-06-06T20:48:46+0000', 2, 0),
(1566392036951823, '1566392036951823_1596661763924850', '2015-06-07T04:40:54+0000', 36, 0),
(1566392036951823, '1566392036951823_1596667780590915', '2015-06-08T05:23:43+0000', 8, 0),
(1566392036951823, '1566392036951823_1596667847257575', '2015-06-07T06:23:58+0000', 14, 0),
(1566392036951823, '1566392036951823_1596667883924238', '2015-06-07T07:24:12+0000', 8, 0),
(1566392036951823, '1566392036951823_1596667947257565', '2015-06-07T09:24:23+0000', 17, 0),
(1566392036951823, '1566392036951823_1596668013924225', '2015-06-07T11:24:36+0000', 6, 0),
(1566392036951823, '1566392036951823_1596668077257552', '2015-06-07T14:24:53+0000', 6, 0),
(1566392036951823, '1566392036951823_1596692657255094', '2015-06-07T10:23:58+0000', 13, 0),
(1566392036951823, '1566392036951823_1596692990588394', '2015-06-08T08:26:54+0000', 15, 1),
(1566392036951823, '1566392036951823_1596693017255058', '2015-06-08T16:27:08+0000', 4, 0),
(1566392036951823, '1566392036951823_1596693113921715', '2015-06-09T08:27:21+0000', 11, 3),
(1566392036951823, '1566392036951823_1596693140588379', '2015-06-07T12:27:33+0000', 11, 0),
(1566392036951823, '1566392036951823_1596693550588338', '2015-06-09T07:30:11+0000', 14, 0),
(1566392036951823, '1566392036951823_1596732290584464', '2015-06-08T11:34:07+0000', 14, 0),
(1566392036951823, '1566392036951823_1596732473917779', '2015-06-10T11:35:04+0000', 4, 0),
(1566392036951823, '1566392036951823_1596912753899751', '2015-06-08T06:14:05+0000', 6, 0),
(1566392036951823, '1566392036951823_1596912843899742', '2015-06-08T07:14:14+0000', 16, 0),
(1566392036951823, '1566392036951823_1596978667226493', '2015-06-08T13:07:07+0000', 13, 0),
(1566392036951823, '1566392036951823_1596978723893154', '2015-06-09T13:07:14+0000', 13, 0),
(1566392036951823, '1566392036951823_1596978787226481', '2015-06-10T13:07:33+0000', 3, 0),
(1566392036951823, '1566392036951823_1596978870559806', '2015-06-10T10:07:50+0000', 4, 0),
(1566392036951823, '1566392036951823_1597167643874262', '2015-06-10T13:40:10+0000', 23, 0),
(1566392036951823, '1566392036951823_1597167700540923', '2015-06-09T04:40:29+0000', 33, 0),
(1566392036951823, '1566392036951823_1599223483668678', '2015-06-15T04:39:06+0000', 20, 0),
(1566392036951823, '1566392036951823_1599223510335342', '2015-06-16T04:39:19+0000', 4, 0),
(1566392036951823, '1566392036951823_1599223677001992', '2015-06-15T08:39:38+0000', 12, 0),
(1566392036951823, '1566392036951823_1599223713668655', '2015-06-16T10:39:54+0000', 14, 0),
(1566392036951823, '1566392036951823_1599223843668642', '2015-06-15T13:40:08+0000', 10, 1),
(1566392036951823, '1566392036951823_1599224323668594', '2015-06-17T04:40:29+0000', 23, 0),
(1566392036951823, '1566392036951823_1599225363668490', '2015-06-18T05:40:46+0000', 8, 0),
(1566392036951823, '1566392036951823_1599227663668260', '2015-06-18T04:41:04+0000', 6, 0),
(1566392036951823, '1566392036951823_1599230000334693', '2015-06-15T10:41:24+0000', 10, 0),
(1566392036951823, '1566392036951823_1599233007001059', '2015-06-19T04:41:39+0000', 18, 0),
(1566392036951823, '1566392036951823_1599234350334258', '2015-06-20T04:41:51+0000', 16, 0),
(1566392036951823, '1566392036951823_1599236390334054', '2015-06-16T11:42:04+0000', 18, 0),
(1566392036951823, '1566392036951823_1599238517000508', '2015-06-17T08:42:21+0000', 9, 0),
(1566392036951823, '1566392036951823_1599240530333640', '2015-06-17T12:42:36+0000', 10, 0),
(1566392036951823, '1566392036951823_1599243636999996', '2015-06-18T09:42:54+0000', 11, 0),
(1566392036951823, '1566392036951823_1599245746999785', '2015-06-18T11:43:08+0000', 11, 0),
(1566392036951823, '1566392036951823_1599248363666190', '2015-06-19T09:43:25+0000', 19, 0),
(1566392036951823, '1566392036951823_1599250660332627', '2015-06-18T14:43:40+0000', 17, 0),
(1566392036951823, '1566392036951823_1599252890332404', '2015-06-20T05:43:55+0000', 18, 0),
(1566392036951823, '1566392036951823_1603767006547659', '2015-06-23T03:08:55+0000', 28, 4),
(1566392036951823, '1566392036951823_1608065419451151', '2015-06-28T03:43:44+0000', 18, 0),
(1566392036951823, '1566392036951823_1608843022706724', '2015-06-30T09:12:42+0000', 206, 5),
(1566392036951823, '1566392036951823_1610419575882402', '2015-07-04T15:09:47+0000', 8, 0),
(1566392036951823, '1566392036951823_1610534452537581', '2015-07-05T02:42:35+0000', 23, 0),
(1566392036951823, '1566392036951823_1610754372515589', '2015-07-05T14:44:56+0000', 16, 1),
(1566392036951823, '1566392036951823_1611175915806768', '2015-07-07T04:25:25+0000', 28, 0),
(1566392036951823, '1566392036951823_1611175945806765', '2015-07-07T14:25:32+0000', 29, 2),
(1566392036951823, '1566392036951823_1611175989140094', '2015-07-08T04:25:47+0000', 39, 1),
(1566392036951823, '1566392036951823_1629690573955302', '2015-08-17T15:21:35+0000', 55, 5),
(1566392036951823, '1566392036951823_1644436059147420', '2015-10-04T02:37:59+0000', 6, 0),
(1566392036951823, '1566392036951823_1644436835814009', '2015-10-04T02:40:36+0000', 28, 0),
(1566392036951823, '1566392036951823_1644438365813856', '2015-10-04T02:44:31+0000', 33, 0),
(1566392036951823, '1566392036951823_1644517795805913', '2015-10-04T10:37:59+0000', 3, 0),
(1566392036951823, '1566392036951823_1647900818800944', '2015-10-18T01:45:24+0000', 5, 0),
(1566392036951823, '1566392036951823_1648897345367958', '2015-10-22T11:53:56+0000', 7, 1),
(1566392036951823, '1566392036951823_1653666494891043', '2015-11-11T03:31:02+0000', 11, 0),
(1566392036951823, '1566392036951823_1654744388116587', '2015-11-15T15:57:53+0000', 56, 3),
(1566392036951823, '1566392036951823_1655004241423935', '2015-11-16T16:12:44+0000', 35, 1),
(1566392036951823, '1566392036951823_1668892380035121', '2016-01-03T01:57:48+0000', 61, 2),
(1566392036951823, '1566392036951823_1669524693305223', '2016-01-05T06:32:02+0000', 41, 1),
(1566392036951823, '1566392036951823_1671233239801035', '2016-01-10T15:22:48+0000', 9, 0),
(1566392036951823, '1566392036951823_1675475952710097', '2016-01-23T23:51:48+0000', 16, 0),
(1566392036951823, '1566392036951823_1680281078896251', '2016-02-07T02:32:37+0000', 29, 2),
(1566392036951823, '1566392036951823_1683079151949777', '2016-02-15T17:43:25+0000', 9, 0),
(1566392036951823, '1566392036951823_1684218618502497', '2016-02-19T04:45:18+0000', 14, 2),
(1566392036951823, '1566392036951823_1686776054913420', '2016-02-27T07:24:03+0000', 10, 0),
(1566392036951823, '1566392036951823_1686776138246745', '2016-02-28T07:35:14+0000', 20, 0),
(1566392036951823, '1566392036951823_1686776391580053', '2016-02-29T07:35:28+0000', 14, 0),
(1566392036951823, '1566392036951823_1686776468246712', '2016-02-27T09:35:44+0000', 58, 0),
(1566392036951823, '1566392036951823_1686776548246704', '2016-02-27T12:36:08+0000', 16, 0),
(1566392036951823, '1566392036951823_1686776578246701', '2016-02-27T07:25:35+0000', 31, 0),
(1566392036951823, '1566392036951823_1686776671580025', '2016-03-01T07:36:40+0000', 32, 0),
(1566392036951823, '1566392036951823_1686776698246689', '2016-03-02T07:36:57+0000', 13, 0),
(1566392036951823, '1566392036951823_1686776754913350', '2016-02-28T09:37:13+0000', 15, 0),
(1566392036951823, '1566392036951823_1686776774913348', '2016-02-27T07:26:35+0000', 22, 0),
(1566392036951823, '1566392036951823_1686776828246676', '2016-03-05T07:37:40+0000', 25, 0),
(1566392036951823, '1566392036951823_1686776878246671', '2016-03-05T07:37:54+0000', 63, 1),
(1566392036951823, '1566392036951823_1690456884545337', '2016-03-09T15:07:22+0000', 20, 4),
(1566392036951823, '1566392036951823_1691835144407511', '2016-03-13T09:37:26+0000', 18, 0),
(1566392036951823, '1566392036951823_1693275867596772', '2016-03-16T19:41:01+0000', 9, 0),
(1566392036951823, '1566392036951823_1693388117585547', '2016-03-17T02:49:49+0000', 34, 3),
(1566392036951823, '1566392036951823_1694954974095528', '2016-03-20T17:15:22+0000', 9, 0),
(1566392036951823, '1566392036951823_1695942597330099', '2016-03-22T14:34:38+0000', 16, 0),
(1566392036951823, '1566392036951823_1695942743996751', '2016-03-23T06:45:59+0000', 34, 0),
(1566392036951823, '1566392036951823_1695942840663408', '2016-03-23T04:46:17+0000', 12, 1),
(1566392036951823, '1566392036951823_1695942920663400', '2016-03-25T14:46:34+0000', 22, 0),
(1566392036951823, '1566392036951823_1697038750553817', '2016-03-24T10:34:43+0000', 6, 0),
(1566392036951823, '1566392036951823_1697053210552371', '2016-03-24T11:00:48+0000', 15, 0),
(1566392036951823, '1566392036951823_1703239419933750', '2016-04-04T12:57:25+0000', 11, 0),
(1566392036951823, '1566392036951823_1706350959622596', '2016-04-12T14:32:12+0000', 21, 0),
(1566392036951823, '1566392036951823_1707877062803319', '2016-04-16T18:00:10+0000', 19, 0),
(1566392036951823, '1566392036951823_1708826032708422', '2016-04-19T12:35:00+0000', 25, 0),
(1566392036951823, '1566392036951823_1709220649335627', '2016-04-20T15:50:14+0000', 17, 0),
(1566392036951823, '1566392036951823_1709220849335607', '2016-04-20T15:51:15+0000', 8, 3),
(1566392036951823, '1566392036951823_1709980662592959', '2016-04-22T18:11:53+0000', 42, 87),
(1566392036951823, '1566392036951823_1710206705903688', '2016-04-23T11:25:05+0000', 43, 3),
(1566392036951823, '1566392036951823_1711889789068713', '2016-04-28T02:33:44+0000', 18, 2),
(1566392036951823, '1566392036951823_1712106672380358', '2016-04-28T15:29:57+0000', 17, 11),
(1566392036951823, '1566392036951823_1723874637870228', '2016-05-29T09:14:52+0000', 70, 0),
(1566392036951823, '1566392036951823_1724182657839426', '2016-05-30T03:45:36+0000', 26, 0),
(1566392036951823, '1566392036951823_1727679710823054', '2016-06-07T02:26:59+0000', 11, 1),
(1566392036951823, '1566392036951823_1728144897443202', '2016-06-08T06:22:30+0000', 11, 1),
(1566392036951823, '1566392036951823_1728661717391520', '2016-06-09T03:32:53+0000', 13, 0),
(1566392036951823, '1566392036951823_1730264427231249', '2016-06-12T16:47:50+0000', 17, 0),
(1566392036951823, '1566392036951823_1731857380405287', '2016-06-17T02:26:36+0000', 6, 0),
(1566392036951823, '1566392036951823_1732519847005707', '2016-06-18T16:22:59+0000', 10, 0),
(1566392036951823, '1566392036951823_1732688380322187', '2016-06-19T03:16:35+0000', 13, 0),
(1566392036951823, '1566392036951823_1736969169894108', '2016-07-01T02:17:12+0000', 54, 3),
(1566392036951823, '1566392036951823_1737707463153612', '2016-07-03T03:04:41+0000', 8, 1),
(1708529822714337, '1708529822714337_1711246869109299', '2015-09-21T17:18:56+0000', 0, 0),
(1708529822714337, '1708529822714337_1713074698926516', '2015-09-27T06:54:49+0000', 0, 0),
(1708529822714337, '1708529822714337_1716933168540669', '2015-10-11T09:34:41+0000', 0, 0),
(1708529822714337, '1708529822714337_1718428818391104', '2015-10-15T17:49:20+0000', 3, 0),
(1708529822714337, '1708529822714337_1721540428079943', '2015-10-27T17:40:14+0000', 3, 0),
(1708529822714337, '1708529822714337_1726712470896072', '2015-11-15T05:55:40+0000', 1, 0),
(1708529822714337, '1708529822714337_1731918953708757', '2015-12-01T17:39:17+0000', 5, 0),
(1708529822714337, '1708529822714337_1811399499094035', '2016-06-05T18:02:00+0000', 7, 0),
(1708529822714337, '1708529822714337_1820199178214067', '2016-06-26T17:43:57+0000', 11, 0),
(423825417818512, '423825417818512_431376147063439', '2015-10-12T06:50:25+0000', 11, 2),
(423825417818512, '423825417818512_431460117055042', '2015-10-12T15:24:23+0000', 6, 0),
(423825417818512, '423825417818512_433235503544170', '2015-10-20T06:05:43+0000', 8, 0),
(423825417818512, '423825417818512_433685626832491', '2015-10-22T06:17:59+0000', 4, 0),
(423825417818512, '423825417818512_433689283498792', '2015-10-22T06:53:51+0000', 3, 0),
(423825417818512, '423825417818512_434176460116741', '2015-10-24T11:57:55+0000', 11, 0),
(423825417818512, '423825417818512_436252813242439', '2015-11-02T16:42:24+0000', 5, 0),
(423825417818512, '423825417818512_436254769908910', '2015-11-02T16:53:00+0000', 5, 0),
(423825417818512, '423825417818512_436255413242179', '2015-11-02T16:55:37+0000', 7, 0),
(423825417818512, '423825417818512_436257039908683', '2015-11-02T17:04:42+0000', 9, 0),
(423825417818512, '423825417818512_436257526575301', '2015-11-02T17:06:29+0000', 7, 0),
(423825417818512, '423825417818512_436258399908547', '2015-11-02T17:10:04+0000', 4, 0),
(423825417818512, '423825417818512_436259303241790', '2015-11-02T17:14:16+0000', 7, 0),
(423825417818512, '423825417818512_436917409842646', '2015-11-05T17:35:38+0000', 8, 0),
(423825417818512, '423825417818512_441761066024947', '2015-11-25T14:02:49+0000', 7, 0),
(423825417818512, '423825417818512_445272962340424', '2015-12-09T10:10:29+0000', 4, 0),
(423825417818512, '423825417818512_465680170299703', '2016-02-13T17:46:42+0000', 4, 0),
(423825417818512, '423825417818512_466562213544832', '2016-02-16T04:40:15+0000', 1, 0),
(423825417818512, '423825417818512_473041296230257', '2016-03-07T01:25:56+0000', 8, 0),
(423825417818512, '423825417818512_473426036191783', '2016-03-08T09:49:47+0000', 3, 0),
(423825417818512, '423825417818512_473620296172357', '2016-03-08T19:39:10+0000', 2, 0),
(423825417818512, '423825417818512_473761879491532', '2016-03-09T07:53:02+0000', 1, 0),
(423825417818512, '423825417818512_473762076158179', '2016-03-09T07:54:30+0000', 2, 0),
(601663519844755, '601663519844755_1109201622424273', '2015-12-26T13:04:45+0000', 3, 0),
(601663519844755, '601663519844755_1109203942424041', '2015-12-26T13:06:03+0000', 11, 0),
(601663519844755, '601663519844755_1110918218919280', '2015-12-29T11:53:17+0000', 23, 1),
(601663519844755, '601663519844755_1110932852251150', '2015-12-29T12:00:24+0000', 12, 0),
(601663519844755, '601663519844755_1110941935583575', '2015-12-29T12:12:34+0000', 11, 0),
(601663519844755, '601663519844755_1111108882233547', '2015-12-29T18:56:13+0000', 12, 0),
(601663519844755, '601663519844755_1111863652158070', '2015-12-31T06:29:01+0000', 3, 0),
(601663519844755, '601663519844755_1112463818764720', '2016-01-01T04:25:30+0000', 26, 0),
(601663519844755, '601663519844755_1113795401964895', '2016-01-03T17:48:30+0000', 4, 0),
(601663519844755, '601663519844755_1113796161964819', '2016-01-03T17:49:50+0000', 24, 0),
(601663519844755, '601663519844755_1113796745298094', '2016-01-03T17:50:31+0000', 39, 0),
(601663519844755, '601663519844755_1114671878543914', '2016-01-05T08:49:02+0000', 5, 1),
(601663519844755, '601663519844755_1114674221877013', '2016-01-05T08:55:04+0000', 14, 0),
(601663519844755, '601663519844755_1114674588543643', '2016-01-05T08:56:36+0000', 1, 0),
(601663519844755, '601663519844755_1114678635209905', '2016-01-05T08:58:32+0000', 18, 0),
(601663519844755, '601663519844755_1114678811876554', '2016-01-05T08:59:16+0000', 11, 0),
(601663519844755, '601663519844755_1114679011876534', '2016-01-05T08:59:35+0000', 9, 1),
(601663519844755, '601663519844755_1114679788543123', '2016-01-05T09:03:38+0000', 30, 1),
(601663519844755, '601663519844755_1114680661876369', '2016-01-05T09:04:34+0000', 9, 1),
(601663519844755, '601663519844755_1114906385187130', '2016-01-05T19:36:28+0000', 7, 0),
(601663519844755, '601663519844755_1115321095145659', '2016-01-06T15:05:24+0000', 2, 0),
(601663519844755, '601663519844755_1115638668447235', '2016-01-07T06:03:07+0000', 8, 0),
(601663519844755, '601663519844755_1115639168447185', '2016-01-07T06:04:22+0000', 16, 1),
(601663519844755, '601663519844755_1115639278447174', '2016-01-07T06:04:54+0000', 23, 0),
(601663519844755, '601663519844755_1115681625109606', '2016-01-07T08:32:04+0000', 5, 0),
(601663519844755, '601663519844755_1115681935109575', '2016-01-07T08:33:23+0000', 21, 0),
(601663519844755, '601663519844755_1115960611748374', '2016-01-07T17:45:37+0000', 30, 0),
(601663519844755, '601663519844755_1115970041747431', '2016-01-07T18:13:32+0000', 4, 1),
(601663519844755, '601663519844755_1116515091692926', '2016-01-08T16:23:52+0000', 7, 0),
(601663519844755, '601663519844755_1116882621656173', '2016-01-09T08:26:38+0000', 1, 0),
(601663519844755, '601663519844755_1116903291654106', '2016-01-09T08:32:53+0000', 29, 0),
(601663519844755, '601663519844755_1116910298320072', '2016-01-09T08:34:06+0000', 1, 3),
(601663519844755, '601663519844755_1117021854975583', '2016-01-09T12:42:59+0000', 3, 0),
(601663519844755, '601663519844755_1117024028308699', '2016-01-09T12:48:10+0000', 3, 0),
(601663519844755, '601663519844755_1117024181642017', '2016-01-09T12:48:45+0000', 3, 0),
(601663519844755, '601663519844755_1117027624975006', '2016-01-09T13:00:04+0000', 6, 0),
(601663519844755, '601663519844755_1118201181524317', '2016-01-11T08:03:40+0000', 24, 2),
(601663519844755, '601663519844755_1119760544701714', '2016-01-14T05:59:44+0000', 11, 1),
(601663519844755, '601663519844755_1119830704694698', '2016-01-14T09:33:02+0000', 36, 3),
(601663519844755, '601663519844755_1120399384637830', '2016-01-15T10:18:31+0000', 15, 0),
(601663519844755, '601663519844755_1121716794506089', '2016-01-17T18:21:28+0000', 16, 2),
(601663519844755, '601663519844755_1122006671143768', '2016-01-18T08:13:28+0000', 38, 1),
(601663519844755, '601663519844755_1122008701143565', '2016-01-18T08:15:57+0000', 63, 3),
(601663519844755, '601663519844755_1122008867810215', '2016-01-18T08:16:20+0000', 9, 0),
(601663519844755, '601663519844755_1122017857809316', '2016-01-18T08:35:27+0000', 10, 0),
(601663519844755, '601663519844755_1122021384475630', '2016-01-18T08:49:21+0000', 9, 0),
(601663519844755, '601663519844755_1122024857808616', '2016-01-18T09:02:37+0000', 21, 0),
(601663519844755, '601663519844755_1122025051141930', '2016-01-18T09:04:30+0000', 20, 0),
(601663519844755, '601663519844755_1122499664427802', '2016-01-19T06:22:51+0000', 5, 1),
(601663519844755, '601663519844755_1122520087759093', '2016-01-19T07:29:16+0000', 6, 0),
(601663519844755, '601663519844755_1122524511091984', '2016-01-19T07:48:18+0000', 0, 0),
(601663519844755, '601663519844755_1122602057750896', '2016-01-19T12:09:51+0000', 0, 0),
(601663519844755, '601663519844755_1122619394415829', '2016-01-19T12:20:44+0000', 57, 0),
(601663519844755, '601663519844755_1122619511082484', '2016-01-19T12:21:07+0000', 18, 1),
(601663519844755, '601663519844755_1122746834403085', '2016-01-19T17:43:59+0000', 9, 0),
(601663519844755, '601663519844755_1122760987735003', '2016-01-19T18:25:03+0000', 6, 0),
(601663519844755, '601663519844755_1122761241068311', '2016-01-19T18:25:46+0000', 18, 0),
(601663519844755, '601663519844755_1200582126619555', '2016-05-16T12:48:50+0000', 30, 0),
(601663519844755, '601663519844755_1200593959951705', '2016-05-16T13:14:16+0000', 5, 0),
(601663519844755, '601663519844755_1200594346618333', '2016-05-16T13:15:10+0000', 7, 0),
(601663519844755, '601663519844755_1201047989906302', '2016-05-17T05:37:17+0000', 36, 5),
(601663519844755, '601663519844755_1201144259896675', '2016-05-17T09:12:57+0000', 9, 0),
(601663519844755, '601663519844755_1201169989894102', '2016-05-17T10:24:52+0000', 29, 0),
(601663519844755, '601663519844755_1201721739838927', '2016-05-18T06:18:04+0000', 15, 0),
(601663519844755, '601663519844755_1201722009838900', '2016-05-18T06:18:59+0000', 65, 0),
(601663519844755, '601663519844755_1201722229838878', '2016-05-18T06:19:34+0000', 25, 0),
(601663519844755, '601663519844755_1201722626505505', '2016-05-18T06:21:11+0000', 16, 0),
(601663519844755, '601663519844755_1207333462611088', '2016-05-27T06:28:32+0000', 42, 1),
(601663519844755, '601663519844755_1207333662611068', '2016-05-27T06:29:04+0000', 28, 0),
(601663519844755, '601663519844755_1207333725944395', '2016-05-27T06:29:58+0000', 18, 11),
(601663519844755, '601663519844755_1207993555878412', '2016-05-28T10:40:30+0000', 31, 6),
(601663519844755, '601663519844755_1212296318781469', '2016-06-04T08:37:49+0000', 13, 0),
(601663519844755, '601663519844755_1213569341987500', '2016-06-06T10:38:28+0000', 4, 3),
(601663519844755, '601663519844755_1236475633030204', '2016-07-11T06:19:05+0000', 9, 0),
(601663519844755, '601663519844755_1236476079696826', '2016-07-11T06:20:49+0000', 1, 0),
(601663519844755, '601663519844755_860583890619382', '2014-09-15T10:53:06+0000', 0, 0),
(601663519844755, '601663519844755_860600717284366', '2014-09-15T11:30:08+0000', 1, 0),
(601663519844755, '601663519844755_860604780617293', '2014-09-15T11:41:20+0000', 1, 0),
(601663519844755, '601663519844755_860608947283543', '2014-09-15T11:52:17+0000', 1, 0),
(601663519844755, '601663519844755_860610303950074', '2014-09-15T11:56:56+0000', 1, 0),
(601663519844755, '601663519844755_860610663950038', '2014-09-15T11:58:10+0000', 1, 0),
(601663519844755, '601663519844755_860616237282814', '2014-09-15T12:11:46+0000', 0, 0),
(601663519844755, '601663519844755_860621630615608', '2014-09-15T12:27:31+0000', 3, 0),
(601663519844755, '601663519844755_860626840615087', '2014-09-15T12:44:06+0000', 0, 0),
(601663519844755, '601663519844755_860638437280594', '2014-09-15T13:17:29+0000', 1, 0),
(601663519844755, '601663519844755_860647887279649', '2014-09-15T13:43:29+0000', 2, 0),
(601663519844755, '601663519844755_860647963946308', '2014-09-15T13:43:38+0000', 1, 0),
(601663519844755, '601663519844755_860654793945625', '2014-09-15T13:59:56+0000', 0, 0),
(601663519844755, '601663519844755_860659730611798', '2014-09-15T14:11:14+0000', 0, 0),
(601663519844755, '601663519844755_860661233944981', '2014-09-15T14:13:17+0000', 1, 0),
(601663519844755, '601663519844755_860692850608486', '2014-09-15T15:35:13+0000', 0, 0),
(601663519844755, '601663519844755_860722063938898', '2014-09-15T16:56:42+0000', 0, 0),
(601663519844755, '601663519844755_860762080601563', '2014-09-15T18:40:18+0000', 1, 0),
(601663519844755, '601663519844755_860985853912519', '2014-09-16T03:14:52+0000', 2, 0),
(601663519844755, '601663519844755_861023527242085', '2014-09-16T05:30:53+0000', 1, 0),
(601663519844755, '601663519844755_861047053906399', '2014-09-16T07:10:47+0000', 0, 0),
(601663519844755, '601663519844755_861073380570433', '2014-09-16T09:19:28+0000', 0, 0),
(601663519844755, '601663519844755_861096040568167', '2014-09-16T10:54:29+0000', 0, 0),
(601663519844755, '601663519844755_861100030567768', '2014-09-16T11:10:04+0000', 2, 0),
(601663519844755, '601663519844755_861147107229727', '2014-09-16T13:10:41+0000', 1, 0),
(601663519844755, '601663519844755_861427887201649', '2014-09-17T01:07:18+0000', 0, 0),
(601663519844755, '601663519844755_861430983868006', '2014-09-17T01:17:53+0000', 0, 0),
(601663519844755, '601663519844755_861479857196452', '2014-09-17T04:14:39+0000', 0, 0),
(601663519844755, '601663519844755_861525737191864', '2014-09-17T07:09:43+0000', 5, 0),
(601663519844755, '601663519844755_861526250525146', '2014-09-17T07:12:29+0000', 33, 1),
(601663519844755, '601663519844755_861536347190803', '2014-09-17T08:03:23+0000', 0, 0),
(601663519844755, '601663519844755_861542973856807', '2014-09-17T08:14:32+0000', 1, 0),
(601663519844755, '601663519844755_861562793854825', '2014-09-17T09:21:59+0000', 2, 0),
(601663519844755, '601663519844755_861563407188097', '2014-09-17T09:25:41+0000', 0, 0),
(601663519844755, '601663519844755_861571687187269', '2014-09-17T10:02:28+0000', 1, 0),
(601663519844755, '601663519844755_861589183852186', '2014-09-17T11:07:06+0000', 1, 0),
(601663519844755, '601663519844755_861590763852028', '2014-09-17T11:13:07+0000', 2, 0),
(601663519844755, '601663519844755_861596317184806', '2014-09-17T11:33:32+0000', 1, 0),
(601663519844755, '601663519844755_861596750518096', '2014-09-17T11:35:03+0000', 0, 0),
(601663519844755, '601663519844755_861606880517083', '2014-09-17T12:04:36+0000', 0, 0),
(601663519844755, '601663519844755_861612070516564', '2014-09-17T12:15:01+0000', 0, 0),
(601663519844755, '601663519844755_861621417182296', '2014-09-17T12:39:16+0000', 0, 0),
(601663519844755, '601663519844755_861627367181701', '2014-09-17T12:59:51+0000', 11, 0),
(601663519844755, '601663519844755_861702597174178', '2014-09-17T16:09:31+0000', 3, 0),
(601663519844755, '601663519844755_861703483840756', '2014-09-17T16:12:13+0000', 1, 0),
(601663519844755, '601663519844755_861963953814709', '2014-09-18T07:21:47+0000', 0, 0),
(601663519844755, '601663519844755_861965760481195', '2014-09-18T07:28:54+0000', 0, 0),
(601663519844755, '601663519844755_861970930480678', '2014-09-18T07:37:30+0000', 0, 0),
(601663519844755, '601663519844755_861979177146520', '2014-09-18T08:08:59+0000', 2, 0),
(601663519844755, '601663519844755_861979190479852', '2014-09-18T08:09:07+0000', 0, 0),
(601663519844755, '601663519844755_861994213811683', '2014-09-18T09:08:20+0000', 0, 0),
(601663519844755, '601663519844755_861995200478251', '2014-09-18T09:11:40+0000', 0, 0),
(601663519844755, '601663519844755_861995370478234', '2014-09-18T09:12:53+0000', 0, 0),
(601663519844755, '601663519844755_861995387144899', '2014-09-18T09:13:00+0000', 0, 0),
(601663519844755, '601663519844755_861995397144898', '2014-09-18T09:13:05+0000', 0, 0),
(601663519844755, '601663519844755_861995430478228', '2014-09-18T09:13:12+0000', 0, 0),
(601663519844755, '601663519844755_861995453811559', '2014-09-18T09:13:17+0000', 0, 0),
(601663519844755, '601663519844755_861995483811556', '2014-09-18T09:13:23+0000', 0, 0),
(601663519844755, '601663519844755_861995500478221', '2014-09-18T09:13:28+0000', 0, 0),
(601663519844755, '601663519844755_861995520478219', '2014-09-18T09:13:33+0000', 0, 0),
(601663519844755, '601663519844755_861995533811551', '2014-09-18T09:13:39+0000', 0, 0),
(601663519844755, '601663519844755_861995920478179', '2014-09-18T09:15:22+0000', 0, 0),
(601663519844755, '601663519844755_861996047144833', '2014-09-18T09:15:46+0000', 0, 0),
(601663519844755, '601663519844755_862021640475607', '2014-09-18T11:17:27+0000', 0, 0),
(601663519844755, '601663519844755_862080360469735', '2014-09-18T14:29:39+0000', 0, 0),
(601663519844755, '601663519844755_862386710439100', '2014-09-19T05:02:25+0000', 0, 0),
(601663519844755, '601663519844755_862395643771540', '2014-09-19T05:30:03+0000', 0, 0),
(601663519844755, '601663519844755_862399143771190', '2014-09-19T05:37:10+0000', 0, 0),
(601663519844755, '601663519844755_862423657102072', '2014-09-19T06:08:55+0000', 1, 0),
(601663519844755, '601663519844755_862423677102070', '2014-09-19T06:09:03+0000', 0, 0),
(601663519844755, '601663519844755_862423713768733', '2014-09-19T06:09:08+0000', 0, 0),
(601663519844755, '601663519844755_862423730435398', '2014-09-19T06:09:14+0000', 0, 0),
(601663519844755, '601663519844755_862425527101885', '2014-09-19T06:17:28+0000', 0, 0),
(601663519844755, '601663519844755_862429727101465', '2014-09-19T06:33:04+0000', 0, 0),
(601663519844755, '601663519844755_862430203768084', '2014-09-19T06:33:50+0000', 0, 0),
(601663519844755, '601663519844755_862432143767890', '2014-09-19T06:39:26+0000', 1, 0),
(601663519844755, '601663519844755_862434457100992', '2014-09-19T06:50:23+0000', 0, 0),
(601663519844755, '601663519844755_862434470434324', '2014-09-19T06:50:31+0000', 0, 0),
(601663519844755, '601663519844755_862434560434315', '2014-09-19T06:50:59+0000', 0, 0),
(601663519844755, '601663519844755_862435450434226', '2014-09-19T06:53:41+0000', 1, 0),
(601663519844755, '601663519844755_862442693766835', '2014-09-19T07:17:46+0000', 0, 0),
(601663519844755, '601663519844755_862442933766811', '2014-09-19T07:18:48+0000', 2, 0),
(601663519844755, '601663519844755_862445700433201', '2014-09-19T07:30:04+0000', 2, 0),
(601663519844755, '601663519844755_862453590432412', '2014-09-19T07:58:24+0000', 0, 0),
(601663519844755, '601663519844755_862456590432112', '2014-09-19T08:08:24+0000', 0, 0),
(601663519844755, '601663519844755_862456607098777', '2014-09-19T08:08:29+0000', 0, 0),
(601663519844755, '601663519844755_862462733764831', '2014-09-19T08:33:42+0000', 0, 0),
(601663519844755, '601663519844755_862476840430087', '2014-09-19T09:30:58+0000', 1, 0),
(601663519844755, '601663519844755_862476870430084', '2014-09-19T09:31:03+0000', 1, 0),
(601663519844755, '601663519844755_862476950430076', '2014-09-19T09:31:20+0000', 1, 0),
(601663519844755, '601663519844755_862477837096654', '2014-09-19T09:35:56+0000', 0, 0),
(601663519844755, '601663519844755_862480783763026', '2014-09-19T09:46:46+0000', 0, 0),
(601663519844755, '601663519844755_862493827095055', '2014-09-19T10:30:26+0000', 1, 0),
(601663519844755, '601663519844755_862502950427476', '2014-09-19T11:05:10+0000', 0, 0),
(601663519844755, '601663519844755_862502973760807', '2014-09-19T11:05:15+0000', 0, 0),
(601663519844755, '601663519844755_862510873760017', '2014-09-19T11:30:52+0000', 0, 0),
(601663519844755, '601663519844755_862513647093073', '2014-09-19T11:40:33+0000', 0, 0),
(601663519844755, '601663519844755_862516370426134', '2014-09-19T11:48:38+0000', 0, 0),
(601663519844755, '601663519844755_862535433757561', '2014-09-19T12:50:22+0000', 42, 1),
(601663519844755, '601663519844755_862536420424129', '2014-09-19T12:53:44+0000', 0, 0),
(601663519844755, '601663519844755_862540867090351', '2014-09-19T13:08:02+0000', 24, 2),
(601663519844755, '601663519844755_862543920423379', '2014-09-19T13:17:30+0000', 2, 0),
(601663519844755, '601663519844755_862544353756669', '2014-09-19T13:18:38+0000', 0, 0),
(601663519844755, '601663519844755_862545007089937', '2014-09-19T13:20:54+0000', 0, 0),
(601663519844755, '601663519844755_862606410417130', '2014-09-19T16:07:34+0000', 2, 0),
(601663519844755, '601663519844755_862623503748754', '2014-09-19T16:51:32+0000', 1, 0),
(601663519844755, '601663519844755_862623940415377', '2014-09-19T16:52:50+0000', 1, 0),
(601663519844755, '601663519844755_862793260398445', '2014-09-20T02:10:20+0000', 0, 0),
(601663519844755, '601663519844755_862924953718609', '2014-09-20T07:48:47+0000', 0, 0),
(601663519844755, '601663519844755_862943627050075', '2014-09-20T09:09:06+0000', 0, 0),
(601663519844755, '601663519844755_862945887049849', '2014-09-20T09:18:36+0000', 0, 0),
(601663519844755, '601663519844755_862947880382983', '2014-09-20T09:27:26+0000', 3, 0),
(601663519844755, '601663519844755_862954880382283', '2014-09-20T09:53:59+0000', 1, 0),
(601663519844755, '601663519844755_862955980382173', '2014-09-20T09:58:34+0000', 0, 0),
(601663519844755, '601663519844755_862976703713434', '2014-09-20T11:09:42+0000', 1, 0),
(601663519844755, '601663519844755_862985550379216', '2014-09-20T11:38:26+0000', 0, 0),
(601663519844755, '601663519844755_862988737045564', '2014-09-20T11:47:46+0000', 1, 0),
(601663519844755, '601663519844755_862999610377810', '2014-09-20T12:20:07+0000', 3, 0),
(601663519844755, '601663519844755_863037613707343', '2014-09-20T13:07:45+0000', 1, 0),
(601663519844755, '601663519844755_863373273673777', '2014-09-21T02:40:46+0000', 1, 0),
(601663519844755, '601663519844755_863408317003606', '2014-09-21T04:46:00+0000', 2, 0),
(601663519844755, '601663519844755_863437007000737', '2014-09-21T06:18:19+0000', 3, 0),
(601663519844755, '601663519844755_863670450310726', '2014-09-21T16:24:07+0000', 23, 2),
(601663519844755, '601663519844755_863983686946069', '2014-09-22T05:07:20+0000', 0, 0),
(601663519844755, '601663519844755_863986560279115', '2014-09-22T05:19:15+0000', 18, 2),
(601663519844755, '601663519844755_864001066944331', '2014-09-22T06:21:56+0000', 1, 0),
(601663519844755, '601663519844755_864021080275663', '2014-09-22T07:49:32+0000', 0, 0),
(601663519844755, '601663519844755_864029393608165', '2014-09-22T08:36:07+0000', 0, 0),
(601663519844755, '601663519844755_864067616937676', '2014-09-22T10:52:16+0000', 0, 0),
(601663519844755, '601663519844755_864068296937608', '2014-09-22T10:55:14+0000', 1, 0),
(601663519844755, '601663519844755_864071470270624', '2014-09-22T11:07:13+0000', 1, 0),
(601663519844755, '601663519844755_864076796936758', '2014-09-22T11:27:09+0000', 1, 0),
(601663519844755, '601663519844755_864076846936753', '2014-09-22T11:27:17+0000', 1, 0),
(601663519844755, '601663519844755_864079793603125', '2014-09-22T11:36:46+0000', 4, 0),
(601663519844755, '601663519844755_864083210269450', '2014-09-22T11:47:49+0000', 1, 0),
(601663519844755, '601663519844755_864087580269013', '2014-09-22T12:01:49+0000', 1, 1),
(601663519844755, '601663519844755_864100200267751', '2014-09-22T12:39:15+0000', 1, 0),
(601663519844755, '601663519844755_864110620266709', '2014-09-22T13:09:37+0000', 0, 0),
(601663519844755, '601663519844755_864111873599917', '2014-09-22T13:13:26+0000', 0, 0),
(601663519844755, '601663519844755_864113916933046', '2014-09-22T13:19:05+0000', 2, 0),
(601663519844755, '601663519844755_864114323599672', '2014-09-22T13:20:04+0000', 1, 0),
(601663519844755, '601663519844755_864119116932526', '2014-09-22T13:34:44+0000', 0, 0),
(601663519844755, '601663519844755_864120593599045', '2014-09-22T13:39:04+0000', 0, 0),
(601663519844755, '601663519844755_864123313598773', '2014-09-22T13:46:55+0000', 1, 0),
(601663519844755, '601663519844755_864123416932096', '2014-09-22T13:47:14+0000', 1, 0),
(601663519844755, '601663519844755_864124053598699', '2014-09-22T13:49:16+0000', 0, 0),
(601663519844755, '601663519844755_864124180265353', '2014-09-22T13:49:46+0000', 0, 0),
(601663519844755, '601663519844755_864128590264912', '2014-09-22T14:01:46+0000', 0, 0),
(601663519844755, '601663519844755_864130556931382', '2014-09-22T14:07:38+0000', 0, 0),
(601663519844755, '601663519844755_864137596930678', '2014-09-22T14:24:48+0000', 0, 0),
(601663519844755, '601663519844755_864212106923227', '2014-09-22T17:57:31+0000', 0, 0),
(601663519844755, '601663519844755_864458463565258', '2014-09-23T03:51:31+0000', 0, 0),
(601663519844755, '601663519844755_864458593565245', '2014-09-23T03:51:55+0000', 0, 0),
(601663519844755, '601663519844755_864530353558069', '2014-09-23T07:15:35+0000', 1, 0),
(601663519844755, '601663519844755_864538213557283', '2014-09-23T07:43:58+0000', 1, 0),
(601663519844755, '601663519844755_864541923556912', '2014-09-23T07:50:59+0000', 0, 0),
(601663519844755, '601663519844755_864552276889210', '2014-09-23T08:34:45+0000', 0, 0),
(601663519844755, '601663519844755_864554040222367', '2014-09-23T08:44:16+0000', 0, 0),
(601663519844755, '601663519844755_864556076888830', '2014-09-23T08:53:11+0000', 0, 0),
(601663519844755, '601663519844755_864560890221682', '2014-09-23T09:12:33+0000', 0, 0),
(601663519844755, '601663519844755_864566910221080', '2014-09-23T09:35:33+0000', 0, 0),
(601663519844755, '601663519844755_864566926887745', '2014-09-23T09:35:36+0000', 0, 0),
(601663519844755, '601663519844755_864574873553617', '2014-09-23T10:03:35+0000', 1, 0),
(601663519844755, '601663519844755_864574983553606', '2014-09-23T10:04:07+0000', 0, 0),
(601663519844755, '601663519844755_864578716886566', '2014-09-23T10:17:53+0000', 1, 0),
(601663519844755, '601663519844755_864581756886262', '2014-09-23T10:27:08+0000', 1, 0),
(601663519844755, '601663519844755_864584233552681', '2014-09-23T10:37:49+0000', 1, 0),
(601663519844755, '601663519844755_864598496884588', '2014-09-23T11:23:24+0000', 1, 0),
(601663519844755, '601663519844755_864599940217777', '2014-09-23T11:26:52+0000', 0, 0),
(601663519844755, '601663519844755_864600013551103', '2014-09-23T11:27:05+0000', 1, 0),
(601663519844755, '601663519844755_864603313550773', '2014-09-23T11:37:00+0000', 0, 0),
(601663519844755, '601663519844755_864604920217279', '2014-09-23T11:42:25+0000', 0, 0),
(601663519844755, '601663519844755_864604950217276', '2014-09-23T11:42:28+0000', 1, 0),
(601663519844755, '601663519844755_864604993550605', '2014-09-23T11:42:34+0000', 0, 0),
(601663519844755, '601663519844755_864607233550381', '2014-09-23T11:49:15+0000', 37, 4),
(601663519844755, '601663519844755_864607920216979', '2014-09-23T11:51:38+0000', 0, 0),
(601663519844755, '601663519844755_864608053550299', '2014-09-23T11:52:03+0000', 0, 0),
(601663519844755, '601663519844755_864619550215816', '2014-09-23T12:14:29+0000', 2, 0),
(601663519844755, '601663519844755_864625093548595', '2014-09-23T12:27:52+0000', 1, 0),
(601663519844755, '601663519844755_864626300215141', '2014-09-23T12:28:24+0000', 3, 0),
(601663519844755, '601663519844755_864642866880151', '2014-09-23T12:40:07+0000', 1, 1),
(601663519844755, '601663519844755_864644626879975', '2014-09-23T12:45:53+0000', 1, 0),
(601663519844755, '601663519844755_864650013546103', '2014-09-23T13:00:59+0000', 0, 0),
(601663519844755, '601663519844755_864653650212406', '2014-09-23T13:10:54+0000', 1, 0),
(601663519844755, '601663519844755_864656503545454', '2014-09-23T13:19:37+0000', 1, 0),
(601663519844755, '601663519844755_864719726872465', '2014-09-23T15:54:53+0000', 0, 0),
(601663519844755, '601663519844755_864764516867986', '2014-09-23T17:37:29+0000', 1, 0),
(601663519844755, '601663519844755_865026523508452', '2014-09-24T04:54:50+0000', 0, 0),
(601663519844755, '601663519844755_865030690174702', '2014-09-24T05:01:25+0000', 1, 0),
(601663519844755, '601663519844755_865032620174509', '2014-09-24T05:09:06+0000', 0, 0),
(601663519844755, '601663519844755_865048136839624', '2014-09-24T06:13:42+0000', 0, 0),
(601663519844755, '601663519844755_865050443506060', '2014-09-24T06:24:46+0000', 0, 0),
(601663519844755, '601663519844755_865154770162294', '2014-09-24T12:36:43+0000', 1, 0),
(601663519844755, '601663519844755_865159066828531', '2014-09-24T12:46:02+0000', 0, 0),
(601663519844755, '601663519844755_865169493494155', '2014-09-24T13:11:00+0000', 0, 0);
INSERT INTO `posts_details` (`page_id`, `post_id`, `created_time`, `likes`, `comments`) VALUES
(601663519844755, '601663519844755_865169950160776', '2014-09-24T13:12:14+0000', 1, 0),
(601663519844755, '601663519844755_865276836816754', '2014-09-24T17:26:24+0000', 1, 0),
(601663519844755, '601663519844755_865276973483407', '2014-09-24T17:26:32+0000', 1, 0),
(601663519844755, '601663519844755_865542796790158', '2014-09-25T05:08:20+0000', 1, 0),
(601663519844755, '601663519844755_865543133456791', '2014-09-25T05:09:31+0000', 2, 0),
(601663519844755, '601663519844755_865544833456621', '2014-09-25T05:17:29+0000', 0, 0),
(601663519844755, '601663519844755_865558920121879', '2014-09-25T06:12:37+0000', 0, 0),
(601663519844755, '601663519844755_865626463448458', '2014-09-25T09:55:44+0000', 0, 0),
(601663519844755, '601663519844755_865659253445179', '2014-09-25T11:56:54+0000', 43, 2),
(601663519844755, '601663519844755_865659326778505', '2014-09-25T11:57:10+0000', 0, 0),
(601663519844755, '601663519844755_865659406778497', '2014-09-25T11:57:22+0000', 0, 0),
(601663519844755, '601663519844755_865659460111825', '2014-09-25T11:57:32+0000', 0, 0),
(601663519844755, '601663519844755_865659543445150', '2014-09-25T11:57:57+0000', 0, 0),
(601663519844755, '601663519844755_865662603444844', '2014-09-25T12:07:58+0000', 0, 0),
(601663519844755, '601663519844755_865667140111057', '2014-09-25T12:24:33+0000', 0, 0),
(601663519844755, '601663519844755_865667240111047', '2014-09-25T12:24:46+0000', 0, 0),
(601663519844755, '601663519844755_865667400111031', '2014-09-25T12:25:10+0000', 0, 0),
(601663519844755, '601663519844755_865668306777607', '2014-09-25T12:28:09+0000', 0, 0),
(601663519844755, '601663519844755_865742290103542', '2014-09-25T15:35:37+0000', 1, 0),
(601663519844755, '601663519844755_865769516767486', '2014-09-25T16:45:58+0000', 2, 0),
(601663519844755, '601663519844755_865782666766171', '2014-09-25T17:21:48+0000', 1, 0),
(601663519844755, '601663519844755_865976816746756', '2014-09-26T03:22:45+0000', 0, 0),
(601663519844755, '601663519844755_866041956740242', '2014-09-26T08:02:17+0000', 0, 0),
(601663519844755, '601663519844755_866079913403113', '2014-09-26T10:41:22+0000', 1, 0),
(601663519844755, '601663519844755_866084913402613', '2014-09-26T11:04:36+0000', 0, 0),
(601663519844755, '601663519844755_866092013401903', '2014-09-26T11:29:58+0000', 2, 0),
(601663519844755, '601663519844755_866093226735115', '2014-09-26T11:33:55+0000', 0, 0),
(601663519844755, '601663519844755_866094146735023', '2014-09-26T11:37:26+0000', 0, 0),
(601663519844755, '601663519844755_866097786734659', '2014-09-26T11:50:00+0000', 0, 0),
(601663519844755, '601663519844755_866202106724227', '2014-09-26T16:53:59+0000', 0, 0),
(601663519844755, '601663519844755_866374293373675', '2014-09-27T02:11:35+0000', 1, 0),
(601663519844755, '601663519844755_866461690031602', '2014-09-27T07:44:32+0000', 29, 2),
(601663519844755, '601663519844755_866489163362188', '2014-09-27T09:12:17+0000', 0, 0),
(601663519844755, '601663519844755_866489186695519', '2014-09-27T09:12:21+0000', 0, 0),
(601663519844755, '601663519844755_866489220028849', '2014-09-27T09:12:27+0000', 0, 0),
(601663519844755, '601663519844755_866489300028841', '2014-09-27T09:12:38+0000', 0, 0),
(601663519844755, '601663519844755_866508583360246', '2014-09-27T10:02:53+0000', 0, 0),
(601663519844755, '601663519844755_866509163360188', '2014-09-27T10:05:46+0000', 1, 0),
(601663519844755, '601663519844755_866510823360022', '2014-09-27T10:11:17+0000', 0, 0),
(601663519844755, '601663519844755_866527726691665', '2014-09-27T11:06:12+0000', 0, 0),
(601663519844755, '601663519844755_866527756691662', '2014-09-27T11:06:19+0000', 0, 0),
(601663519844755, '601663519844755_866527786691659', '2014-09-27T11:06:26+0000', 0, 0),
(601663519844755, '601663519844755_866843819993389', '2014-09-28T02:06:01+0000', 0, 0),
(601663519844755, '601663519844755_866887329989038', '2014-09-28T04:52:20+0000', 0, 0),
(601663519844755, '601663519844755_867371609940610', '2014-09-29T02:38:06+0000', 1, 0),
(601663519844755, '601663519844755_867470149930756', '2014-09-29T09:35:12+0000', 0, 0),
(601663519844755, '601663519844755_867470173264087', '2014-09-29T09:35:17+0000', 0, 0),
(601663519844755, '601663519844755_867470233264081', '2014-09-29T09:35:36+0000', 0, 0),
(601663519844755, '601663519844755_867470376597400', '2014-09-29T09:36:14+0000', 2, 0),
(601663519844755, '601663519844755_867470589930712', '2014-09-29T09:36:30+0000', 13, 1),
(601663519844755, '601663519844755_867474609930310', '2014-09-29T09:54:14+0000', 0, 0),
(601663519844755, '601663519844755_867483883262716', '2014-09-29T10:30:18+0000', 0, 0),
(601663519844755, '601663519844755_867496613261443', '2014-09-29T11:17:46+0000', 1, 0),
(601663519844755, '601663519844755_867502416594196', '2014-09-29T11:36:12+0000', 1, 0),
(601663519844755, '601663519844755_867502523260852', '2014-09-29T11:36:25+0000', 3, 0),
(601663519844755, '601663519844755_867631759914595', '2014-09-29T17:16:05+0000', 1, 0),
(601663519844755, '601663519844755_867901073220997', '2014-09-30T06:02:50+0000', 1, 0),
(601663519844755, '601663519844755_867903279887443', '2014-09-30T06:13:08+0000', 1, 0),
(601663519844755, '601663519844755_867906176553820', '2014-09-30T06:29:47+0000', 2, 0),
(601663519844755, '601663519844755_867908313220273', '2014-09-30T06:37:58+0000', 2, 0),
(601663519844755, '601663519844755_867911936553244', '2014-09-30T06:57:10+0000', 1, 0),
(601663519844755, '601663519844755_867911956553242', '2014-09-30T06:57:17+0000', 0, 0),
(601663519844755, '601663519844755_867918003219304', '2014-09-30T07:19:30+0000', 0, 0),
(601663519844755, '601663519844755_867918153219289', '2014-09-30T07:20:25+0000', 16, 1),
(601663519844755, '601663519844755_867945956549842', '2014-09-30T09:03:51+0000', 0, 0),
(601663519844755, '601663519844755_867946013216503', '2014-09-30T09:04:04+0000', 1, 1),
(601663519844755, '601663519844755_867948656549572', '2014-09-30T09:09:33+0000', 0, 0),
(601663519844755, '601663519844755_867954983215606', '2014-09-30T09:29:39+0000', 0, 0),
(601663519844755, '601663519844755_867968766547561', '2014-09-30T10:11:08+0000', 1, 0),
(601663519844755, '601663519844755_867971319880639', '2014-09-30T10:20:24+0000', 3, 0),
(601663519844755, '601663519844755_867973416547096', '2014-09-30T10:25:03+0000', 0, 0),
(601663519844755, '601663519844755_867978879879883', '2014-09-30T10:48:37+0000', 29, 2),
(601663519844755, '601663519844755_867993733211731', '2014-09-30T11:28:21+0000', 4, 0),
(601663519844755, '601663519844755_867996596544778', '2014-09-30T11:36:44+0000', 1, 0),
(601663519844755, '601663519844755_867997179878053', '2014-09-30T11:37:53+0000', 1, 0),
(601663519844755, '601663519844755_868002069877564', '2014-09-30T11:54:22+0000', 2, 0),
(601663519844755, '601663519844755_868013649876406', '2014-09-30T12:33:35+0000', 1, 0),
(601663519844755, '601663519844755_868013666543071', '2014-09-30T12:33:41+0000', 2, 0),
(601663519844755, '601663519844755_868013736543064', '2014-09-30T12:33:53+0000', 1, 0),
(601663519844755, '601663519844755_868015683209536', '2014-09-30T12:39:39+0000', 0, 0),
(601663519844755, '601663519844755_868017796542658', '2014-09-30T12:45:33+0000', 49, 2),
(601663519844755, '601663519844755_868117899865981', '2014-09-30T16:52:45+0000', 1, 1),
(601663519844755, '601663519844755_868360906508347', '2014-10-01T04:52:34+0000', 3, 0),
(601663519844755, '601663519844755_868381793172925', '2014-10-01T05:53:24+0000', 2, 0),
(601663519844755, '601663519844755_868390076505430', '2014-10-01T06:22:59+0000', 1, 0),
(601663519844755, '601663519844755_868390316505406', '2014-10-01T06:24:01+0000', 1, 0),
(601663519844755, '601663519844755_868397403171364', '2014-10-01T06:50:58+0000', 2, 0),
(601663519844755, '601663519844755_868402716504166', '2014-10-01T07:13:23+0000', 27, 0),
(601663519844755, '601663519844755_868410636503374', '2014-10-01T07:48:00+0000', 1, 0),
(601663519844755, '601663519844755_868410713170033', '2014-10-01T07:48:16+0000', 2, 0),
(601663519844755, '601663519844755_868414489836322', '2014-10-01T08:05:26+0000', 1, 0),
(601663519844755, '601663519844755_868418266502611', '2014-10-01T08:23:39+0000', 0, 0),
(601663519844755, '601663519844755_868418979835873', '2014-10-01T08:27:41+0000', 1, 0),
(601663519844755, '601663519844755_868419293169175', '2014-10-01T08:29:05+0000', 0, 0),
(601663519844755, '601663519844755_868430056501432', '2014-10-01T09:04:19+0000', 2, 0),
(601663519844755, '601663519844755_868431779834593', '2014-10-01T09:10:54+0000', 1, 0),
(601663519844755, '601663519844755_868444349833336', '2014-10-01T09:26:44+0000', 0, 0),
(601663519844755, '601663519844755_868456966498741', '2014-10-01T09:46:52+0000', 1, 0),
(601663519844755, '601663519844755_868480559829715', '2014-10-01T10:43:42+0000', 1, 0),
(601663519844755, '601663519844755_868480616496376', '2014-10-01T10:43:52+0000', 0, 0),
(601663519844755, '601663519844755_868480706496367', '2014-10-01T10:44:09+0000', 2, 0),
(601663519844755, '601663519844755_868498293161275', '2014-10-01T11:26:00+0000', 2, 0),
(601663519844755, '601663519844755_868501866494251', '2014-10-01T11:35:42+0000', 3, 0),
(601663519844755, '601663519844755_868512843159820', '2014-10-01T11:59:16+0000', 0, 0),
(601663519844755, '601663519844755_868519299825841', '2014-10-01T12:17:19+0000', 3, 0),
(601663519844755, '601663519844755_868521883158916', '2014-10-01T12:24:09+0000', 1, 0),
(601663519844755, '601663519844755_868524403158664', '2014-10-01T12:31:09+0000', 1, 0),
(601663519844755, '601663519844755_868524726491965', '2014-10-01T12:31:58+0000', 1, 0),
(601663519844755, '601663519844755_868535186490919', '2014-10-01T13:01:18+0000', 2, 0),
(601663519844755, '601663519844755_868595589818212', '2014-10-01T15:35:03+0000', 7, 0),
(601663519844755, '601663519844755_868596706484767', '2014-10-01T15:38:04+0000', 3, 0),
(601663519844755, '601663519844755_868630576481380', '2014-10-01T17:09:13+0000', 3, 0),
(601663519844755, '601663519844755_868641956480242', '2014-10-01T17:34:23+0000', 2, 0),
(601663519844755, '601663519844755_868883339789437', '2014-10-02T02:59:56+0000', 2, 0),
(601663519844755, '601663519844755_868883876456050', '2014-10-02T03:01:27+0000', 0, 0),
(601663519844755, '601663519844755_868891259788645', '2014-10-02T03:24:59+0000', 2, 0),
(601663519844755, '601663519844755_868906049787166', '2014-10-02T04:06:31+0000', 2, 0),
(601663519844755, '601663519844755_868908653120239', '2014-10-02T04:14:31+0000', 0, 0),
(601663519844755, '601663519844755_868927119785059', '2014-10-02T05:16:46+0000', 3, 0),
(601663519844755, '601663519844755_868928523118252', '2014-10-02T05:21:59+0000', 7, 0),
(601663519844755, '601663519844755_868967753114329', '2014-10-02T07:48:15+0000', 1, 0),
(601663519844755, '601663519844755_868968083114296', '2014-10-02T07:50:24+0000', 2, 0),
(601663519844755, '601663519844755_868988633112241', '2014-10-02T09:13:47+0000', 45, 3),
(601663519844755, '601663519844755_869006869777084', '2014-10-02T10:24:02+0000', 4, 0),
(601663519844755, '601663519844755_869043899773381', '2014-10-02T12:26:37+0000', 1, 0),
(601663519844755, '601663519844755_869119526432485', '2014-10-02T15:33:07+0000', 0, 0),
(601663519844755, '601663519844755_869162206428217', '2014-10-02T16:48:26+0000', 0, 0),
(601663519844755, '601663519844755_869162503094854', '2014-10-02T16:49:13+0000', 0, 0),
(601663519844755, '601663519844755_869430083068096', '2014-10-03T02:18:59+0000', 1, 0),
(601663519844755, '601663519844755_869430223068082', '2014-10-03T02:19:18+0000', 4, 0),
(601663519844755, '601663519844755_869459699731801', '2014-10-03T03:40:38+0000', 1, 0),
(601663519844755, '601663519844755_869460086398429', '2014-10-03T03:41:46+0000', 1, 0),
(601663519844755, '601663519844755_869460379731733', '2014-10-03T03:42:38+0000', 1, 0),
(601663519844755, '601663519844755_869488336395604', '2014-10-03T05:02:03+0000', 2, 0),
(601663519844755, '601663519844755_869488673062237', '2014-10-03T05:03:14+0000', 1, 0),
(601663519844755, '601663519844755_869488979728873', '2014-10-03T05:04:09+0000', 0, 0),
(601663519844755, '601663519844755_869489406395497', '2014-10-03T05:05:11+0000', 0, 0),
(601663519844755, '601663519844755_869489576395480', '2014-10-03T05:05:39+0000', 0, 0),
(601663519844755, '601663519844755_869494213061683', '2014-10-03T05:20:30+0000', 1, 0),
(601663519844755, '601663519844755_869521296392308', '2014-10-03T06:54:08+0000', 0, 0),
(601663519844755, '601663519844755_869539583057146', '2014-10-03T07:59:40+0000', 2, 0),
(601663519844755, '601663519844755_869539886390449', '2014-10-03T08:00:35+0000', 1, 0),
(601663519844755, '601663519844755_869540023057102', '2014-10-03T08:01:04+0000', 1, 0),
(601663519844755, '601663519844755_869553063055798', '2014-10-03T08:43:44+0000', 1, 0),
(601663519844755, '601663519844755_869569839720787', '2014-10-03T09:35:31+0000', 1, 0),
(601663519844755, '601663519844755_869584043052700', '2014-10-03T10:00:51+0000', 1, 0),
(601663519844755, '601663519844755_869587299719041', '2014-10-03T10:11:01+0000', 0, 0),
(601663519844755, '601663519844755_869590426385395', '2014-10-03T10:21:51+0000', 0, 0),
(601663519844755, '601663519844755_869594826384955', '2014-10-03T10:36:08+0000', 2, 1),
(601663519844755, '601663519844755_869610836383354', '2014-10-03T11:18:52+0000', 0, 0),
(601663519844755, '601663519844755_869620873049017', '2014-10-03T11:45:51+0000', 24, 2),
(601663519844755, '601663519844755_869646636379774', '2014-10-03T12:46:17+0000', 3, 0),
(601663519844755, '601663519844755_869701256374312', '2014-10-03T14:50:26+0000', 0, 0),
(601663519844755, '601663519844755_869719539705817', '2014-10-03T15:30:34+0000', 0, 0),
(601663519844755, '601663519844755_870039893007115', '2014-10-04T03:07:15+0000', 0, 0),
(601663519844755, '601663519844755_870053783005726', '2014-10-04T03:43:16+0000', 0, 0),
(601663519844755, '601663519844755_870126889665082', '2014-10-04T07:10:13+0000', 3, 0),
(601663519844755, '601663519844755_870138426330595', '2014-10-04T07:44:08+0000', 16, 0),
(601663519844755, '601663519844755_870164402994664', '2014-10-04T08:51:09+0000', 0, 0),
(601663519844755, '601663519844755_870176329660138', '2014-10-04T09:24:54+0000', 0, 0),
(601663519844755, '601663519844755_870201339657637', '2014-10-04T10:44:04+0000', 0, 0),
(601663519844755, '601663519844755_870242589653512', '2014-10-04T12:27:50+0000', 12, 2),
(601663519844755, '601663519844755_870435036300934', '2014-10-04T17:56:04+0000', 0, 0),
(601663519844755, '601663519844755_870685649609206', '2014-10-05T03:18:55+0000', 1, 0),
(601663519844755, '601663519844755_870685749609196', '2014-10-05T03:19:14+0000', 1, 0),
(601663519844755, '601663519844755_870746276269810', '2014-10-05T05:51:54+0000', 0, 0),
(601663519844755, '601663519844755_870759216268516', '2014-10-05T06:24:17+0000', 2, 0),
(601663519844755, '601663519844755_870762602934844', '2014-10-05T06:31:09+0000', 3, 0),
(601663519844755, '601663519844755_870903706254067', '2014-10-05T11:50:09+0000', 0, 0),
(601663519844755, '601663519844755_870938019583969', '2014-10-05T12:59:25+0000', 0, 0),
(601663519844755, '601663519844755_870939309583840', '2014-10-05T13:02:28+0000', 0, 0),
(601663519844755, '601663519844755_870967946247643', '2014-10-05T14:06:48+0000', 0, 0),
(601663519844755, '601663519844755_871432446201193', '2014-10-06T03:55:43+0000', 2, 0),
(601663519844755, '601663519844755_871464936197944', '2014-10-06T04:37:24+0000', 3, 2),
(601663519844755, '601663519844755_871506806193757', '2014-10-06T06:37:13+0000', 1, 0),
(601663519844755, '601663519844755_871509482860156', '2014-10-06T06:45:59+0000', 2, 0),
(601663519844755, '601663519844755_871559972855107', '2014-10-06T08:44:40+0000', 0, 0),
(601663519844755, '601663519844755_871593632851741', '2014-10-06T10:20:29+0000', 4, 0),
(601663519844755, '601663519844755_871607622850342', '2014-10-06T11:01:29+0000', 2, 0),
(601663519844755, '601663519844755_871651536179284', '2014-10-06T12:23:59+0000', 1, 0),
(601663519844755, '601663519844755_871682149509556', '2014-10-06T13:05:49+0000', 4, 0),
(601663519844755, '601663519844755_871776452833459', '2014-10-06T15:54:20+0000', 1, 0),
(601663519844755, '601663519844755_871861052824999', '2014-10-06T16:52:08+0000', 1, 1),
(601663519844755, '601663519844755_872126942798410', '2014-10-07T03:37:58+0000', 1, 0),
(601663519844755, '601663519844755_872156012795503', '2014-10-07T05:01:46+0000', 54, 2),
(601663519844755, '601663519844755_872182902792814', '2014-10-07T06:33:13+0000', 1, 0),
(601663519844755, '601663519844755_872183259459445', '2014-10-07T06:34:13+0000', 0, 0),
(601663519844755, '601663519844755_872188746125563', '2014-10-07T06:45:27+0000', 1, 0),
(601663519844755, '601663519844755_872195606124877', '2014-10-07T07:02:28+0000', 19, 3),
(601663519844755, '601663519844755_872198172791287', '2014-10-07T07:10:19+0000', 1, 0),
(601663519844755, '601663519844755_872207742790330', '2014-10-07T07:39:58+0000', 1, 0),
(601663519844755, '601663519844755_872211036123334', '2014-10-07T07:53:00+0000', 1, 0),
(601663519844755, '601663519844755_872211102789994', '2014-10-07T07:53:09+0000', 1, 0),
(601663519844755, '601663519844755_872211122789992', '2014-10-07T07:53:19+0000', 6, 1),
(601663519844755, '601663519844755_872211149456656', '2014-10-07T07:53:27+0000', 1, 0),
(601663519844755, '601663519844755_872215976122840', '2014-10-07T08:10:32+0000', 1, 0),
(601663519844755, '601663519844755_872217232789381', '2014-10-07T08:15:13+0000', 1, 0),
(601663519844755, '601663519844755_872232332787871', '2014-10-07T09:08:22+0000', 0, 0),
(601663519844755, '601663519844755_872242766120161', '2014-10-07T09:41:59+0000', 2, 0),
(601663519844755, '601663519844755_872242836120154', '2014-10-07T09:42:08+0000', 1, 0),
(601663519844755, '601663519844755_872242866120151', '2014-10-07T09:42:19+0000', 4, 2),
(601663519844755, '601663519844755_872246366119801', '2014-10-07T09:52:05+0000', 1, 0),
(601663519844755, '601663519844755_872254856118952', '2014-10-07T10:11:53+0000', 5, 0),
(601663519844755, '601663519844755_872259882785116', '2014-10-07T10:23:27+0000', 3, 0),
(601663519844755, '601663519844755_872268259450945', '2014-10-07T10:45:53+0000', 0, 1),
(601663519844755, '601663519844755_872270516117386', '2014-10-07T10:50:34+0000', 2, 0),
(601663519844755, '601663519844755_872294959448275', '2014-10-07T11:39:37+0000', 4, 0),
(601663519844755, '601663519844755_872315032779601', '2014-10-07T12:24:54+0000', 1, 0),
(601663519844755, '601663519844755_872336302777474', '2014-10-07T13:01:41+0000', 0, 0),
(601663519844755, '601663519844755_872386232772481', '2014-10-07T14:18:57+0000', 0, 0),
(601663519844755, '601663519844755_872412486103189', '2014-10-07T15:15:51+0000', 0, 0),
(601663519844755, '601663519844755_872421906102247', '2014-10-07T15:35:25+0000', 1, 0),
(601663519844755, '601663519844755_872445396099898', '2014-10-07T16:23:26+0000', 1, 0),
(601663519844755, '601663519844755_872477496096688', '2014-10-07T17:16:26+0000', 22, 0),
(601663519844755, '601663519844755_872542026090235', '2014-10-07T19:30:01+0000', 0, 0),
(601663519844755, '601663519844755_872638709413900', '2014-10-07T23:42:10+0000', 2, 0),
(601663519844755, '601663519844755_872651799412591', '2014-10-08T00:13:14+0000', 2, 0),
(601663519844755, '601663519844755_872660782745026', '2014-10-08T00:40:03+0000', 3, 0),
(601663519844755, '601663519844755_872758682735236', '2014-10-08T05:00:07+0000', 1, 0),
(601663519844755, '601663519844755_872788976065540', '2014-10-08T06:39:30+0000', 3, 1),
(601663519844755, '601663519844755_872796056064832', '2014-10-08T07:05:21+0000', 0, 0),
(601663519844755, '601663519844755_872798299397941', '2014-10-08T07:12:27+0000', 1, 0),
(601663519844755, '601663519844755_872804326064005', '2014-10-07T06:30:00+0000', 20, 3),
(601663519844755, '601663519844755_872804709397300', '2014-10-08T07:30:50+0000', 1, 0),
(601663519844755, '601663519844755_872817976062640', '2014-10-08T08:09:02+0000', 3, 1),
(601663519844755, '601663519844755_872827842728320', '2014-10-08T08:37:32+0000', 2, 0),
(601663519844755, '601663519844755_872848912726213', '2014-10-08T09:41:38+0000', 3, 0),
(601663519844755, '601663519844755_872854636058974', '2014-10-08T09:59:29+0000', 5, 0),
(601663519844755, '601663519844755_872872562723848', '2014-10-08T10:41:37+0000', 2, 0),
(601663519844755, '601663519844755_872913536053084', '2014-10-08T12:22:44+0000', 2, 0),
(601663519844755, '601663519844755_873044662706638', '2014-10-08T17:24:09+0000', 3, 2),
(601663519844755, '601663519844755_873060752705029', '2014-10-08T17:53:31+0000', 5, 0),
(601663519844755, '601663519844755_873281392682965', '2014-10-09T02:58:31+0000', 3, 0),
(601663519844755, '601663519844755_873332736011164', '2014-10-09T05:11:30+0000', 1, 0),
(601663519844755, '601663519844755_873525529325218', '2014-10-09T10:38:32+0000', 1, 0),
(601663519844755, '601663519844755_874055575938880', '2014-10-10T06:17:38+0000', 1, 0),
(601663519844755, '601663519844755_874197435924694', '2014-10-10T08:15:23+0000', 2, 0),
(601663519844755, '601663519844755_874197589258012', '2014-10-10T08:15:46+0000', 2, 0),
(601663519844755, '601663519844755_874197672591337', '2014-10-10T08:15:58+0000', 3, 1),
(601663519844755, '601663519844755_874752739202497', '2014-10-11T04:27:24+0000', 3, 0),
(601663519844755, '601663519844755_874795705864867', '2014-10-11T06:12:26+0000', 1, 1),
(601663519844755, '601663519844755_874821732528931', '2014-10-11T07:26:56+0000', 0, 0),
(601663519844755, '601663519844755_874837019194069', '2014-10-11T08:05:30+0000', 1, 0),
(601663519844755, '601663519844755_874852275859210', '2014-10-11T08:49:41+0000', 1, 0),
(601663519844755, '601663519844755_874869775857460', '2014-10-11T09:08:56+0000', 0, 1),
(601663519844755, '601663519844755_874885242522580', '2014-10-11T09:52:06+0000', 2, 1),
(601663519844755, '601663519844755_874886069189164', '2014-10-11T09:53:08+0000', 1, 2),
(601663519844755, '601663519844755_874886842522420', '2014-10-11T09:55:38+0000', 1, 1),
(601663519844755, '601663519844755_874907229187048', '2014-10-11T10:52:39+0000', 1, 1),
(601663519844755, '601663519844755_874918405852597', '2014-10-11T11:23:40+0000', 1, 0),
(601663519844755, '601663519844755_874975729180198', '2014-10-11T13:28:36+0000', 2, 0),
(601663519844755, '601663519844755_875096652501439', '2014-10-11T17:05:10+0000', 1, 0),
(601663519844755, '601663519844755_875115029166268', '2014-10-11T17:33:08+0000', 1, 0),
(601663519844755, '601663519844755_875432375801200', '2014-10-12T04:44:23+0000', 0, 0),
(601663519844755, '601663519844755_875458485798589', '2014-10-12T05:59:15+0000', 1, 0),
(601663519844755, '601663519844755_875463425798095', '2014-10-12T06:14:37+0000', 2, 0),
(601663519844755, '601663519844755_875487755795662', '2014-10-12T07:03:40+0000', 1, 0),
(601663519844755, '601663519844755_875511552459949', '2014-10-12T08:13:39+0000', 1, 0),
(601663519844755, '601663519844755_875570375787400', '2014-10-12T10:35:35+0000', 1, 0),
(601663519844755, '601663519844755_875584109119360', '2014-10-12T11:03:54+0000', 1, 0),
(601663519844755, '601663519844755_875708232440281', '2014-10-12T14:38:36+0000', 0, 0),
(601663519844755, '601663519844755_876172339060537', '2014-10-13T07:10:31+0000', 5, 3),
(601663519844755, '601663519844755_876214135723024', '2014-10-13T09:30:09+0000', 1, 1),
(601663519844755, '601663519844755_876216302389474', '2014-10-13T09:36:58+0000', 29, 1),
(601663519844755, '601663519844755_876220789055692', '2014-10-13T09:50:52+0000', 11, 0),
(601663519844755, '601663519844755_876232579054513', '2014-10-13T10:20:06+0000', 50, 3),
(601663519844755, '601663519844755_876256865718751', '2014-10-13T11:18:37+0000', 31, 8),
(601663519844755, '601663519844755_876285005715937', '2014-10-13T12:08:13+0000', 1, 0),
(601663519844755, '601663519844755_876298572381247', '2014-10-13T12:40:45+0000', 1, 0),
(601663519844755, '601663519844755_876303335714104', '2014-10-13T12:51:09+0000', 1, 0),
(601663519844755, '601663519844755_876311482379956', '2014-10-13T13:05:10+0000', 34, 0),
(601663519844755, '601663519844755_876459302365174', '2014-10-13T17:22:07+0000', 1, 0),
(601663519844755, '601663519844755_876477792363325', '2014-10-13T17:59:18+0000', 0, 0),
(601663519844755, '601663519844755_876491695695268', '2014-10-13T18:24:53+0000', 2, 0),
(601663519844755, '601663519844755_876533059024465', '2014-10-13T19:31:51+0000', 1, 0),
(601663519844755, '601663519844755_876734972337607', '2014-10-14T02:59:40+0000', 0, 0),
(601663519844755, '601663519844755_876767942334310', '2014-10-14T04:36:40+0000', 0, 0),
(601663519844755, '601663519844755_876796252331479', '2014-10-14T06:02:09+0000', 1, 0),
(601663519844755, '601663519844755_876802282330876', '2014-10-14T06:21:49+0000', 1, 1),
(601663519844755, '601663519844755_876803018997469', '2014-10-14T06:24:36+0000', 0, 0),
(601663519844755, '601663519844755_876806835663754', '2014-10-14T06:36:44+0000', 1, 0),
(601663519844755, '601663519844755_876820212329083', '2014-10-14T06:57:44+0000', 0, 0),
(601663519844755, '601663519844755_876824792328625', '2014-10-14T07:12:09+0000', 1, 0),
(601663519844755, '601663519844755_876826512328453', '2014-10-14T07:19:03+0000', 1, 0),
(601663519844755, '601663519844755_876827535661684', '2014-10-14T07:23:10+0000', 29, 0),
(601663519844755, '601663519844755_876831648994606', '2014-10-14T07:37:20+0000', 12, 0),
(601663519844755, '601663519844755_876831835661254', '2014-10-14T07:38:03+0000', 1, 0),
(601663519844755, '601663519844755_876831932327911', '2014-10-14T07:38:23+0000', 3, 0),
(601663519844755, '601663519844755_876838722327232', '2014-10-14T08:02:43+0000', 0, 0),
(601663519844755, '601663519844755_876838888993882', '2014-10-14T08:03:32+0000', 1, 0),
(601663519844755, '601663519844755_876840212327083', '2014-10-14T08:08:50+0000', 1, 2),
(601663519844755, '601663519844755_876841642326940', '2014-10-14T08:12:51+0000', 0, 0),
(601663519844755, '601663519844755_876844362326668', '2014-10-14T08:20:04+0000', 2, 0),
(601663519844755, '601663519844755_876847152326389', '2014-10-14T08:28:31+0000', 1, 0),
(601663519844755, '601663519844755_876860518991719', '2014-10-14T09:05:37+0000', 1, 0),
(601663519844755, '601663519844755_876861925658245', '2014-10-14T09:10:22+0000', 0, 0),
(601663519844755, '601663519844755_876870268990744', '2014-10-14T09:32:56+0000', 2, 0),
(601663519844755, '601663519844755_876870332324071', '2014-10-14T09:33:10+0000', 1, 0),
(601663519844755, '601663519844755_876881555656282', '2014-10-14T10:08:30+0000', 3, 0),
(601663519844755, '601663519844755_876893458988425', '2014-10-14T10:38:17+0000', 2, 0),
(601663519844755, '601663519844755_876894062321698', '2014-10-14T10:39:55+0000', 2, 1),
(601663519844755, '601663519844755_876900185654419', '2014-10-14T10:56:51+0000', 2, 1),
(601663519844755, '601663519844755_876900515654386', '2014-10-14T10:57:44+0000', 11, 3),
(601663519844755, '601663519844755_876913905653047', '2014-10-14T11:32:05+0000', 0, 0),
(601663519844755, '601663519844755_876913995653038', '2014-10-14T11:32:19+0000', 1, 0),
(601663519844755, '601663519844755_876914138986357', '2014-10-14T11:32:34+0000', 2, 0),
(601663519844755, '601663519844755_876920352319069', '2014-10-14T11:50:19+0000', 1, 0),
(601663519844755, '601663519844755_876921278985643', '2014-10-14T11:52:37+0000', 4, 1),
(601663519844755, '601663519844755_876934402317664', '2014-10-14T12:24:30+0000', 6, 3),
(601663519844755, '601663519844755_876945675649870', '2014-10-14T12:51:08+0000', 1, 1),
(601663519844755, '601663519844755_877065805637857', '2014-10-14T16:16:20+0000', 0, 0),
(601663519844755, '601663519844755_877086878969083', '2014-10-14T17:02:55+0000', 3, 1),
(601663519844755, '601663519844755_877122562298848', '2014-10-14T18:24:47+0000', 1, 0),
(601663519844755, '601663519844755_877128352298269', '2014-10-14T18:26:33+0000', 27, 1),
(601663519844755, '601663519844755_877155708962200', '2014-10-14T18:47:30+0000', 1, 0),
(601663519844755, '601663519844755_877334202277684', '2014-10-15T03:13:40+0000', 2, 1),
(601663519844755, '601663519844755_877346972276407', '2014-10-15T03:59:58+0000', 10, 0),
(601663519844755, '601663519844755_877355848942186', '2014-10-15T04:32:41+0000', 0, 0),
(601663519844755, '601663519844755_877359402275164', '2014-10-15T04:46:29+0000', 18, 1),
(601663519844755, '601663519844755_877370255607412', '2014-10-15T05:22:38+0000', 19, 1),
(601663519844755, '601663519844755_877374415606996', '2014-10-15T05:39:42+0000', 48, 7),
(601663519844755, '601663519844755_877374435606994', '2014-10-15T05:39:49+0000', 1, 1),
(601663519844755, '601663519844755_877401972270907', '2014-10-15T07:17:38+0000', 33, 1),
(601663519844755, '601663519844755_877410255603412', '2014-10-15T07:57:54+0000', 24, 6),
(601663519844755, '601663519844755_877424832268621', '2014-10-15T08:36:07+0000', 1, 0),
(601663519844755, '601663519844755_877447102266394', '2014-10-15T09:53:49+0000', 2, 1),
(601663519844755, '601663519844755_877459292265175', '2014-10-15T10:34:14+0000', 1, 0),
(601663519844755, '601663519844755_877476662263438', '2014-10-15T11:34:22+0000', 2, 0),
(601663519844755, '601663519844755_877490122262092', '2014-10-15T12:16:37+0000', 2, 1),
(601663519844755, '601663519844755_877504722260632', '2014-10-15T12:57:22+0000', 2, 0),
(601663519844755, '601663519844755_877547885589649', '2014-10-15T14:45:18+0000', 1, 1),
(601663519844755, '601663519844755_877596268918144', '2014-10-15T16:40:48+0000', 2, 2),
(601663519844755, '601663519844755_877621178915653', '2014-10-15T17:51:09+0000', 4, 1),
(601663519844755, '601663519844755_877810015563436', '2014-10-16T02:57:44+0000', 0, 0),
(601663519844755, '601663519844755_877827448895026', '2014-10-16T03:59:03+0000', 33, 1),
(601663519844755, '601663519844755_877847038893067', '2014-10-16T05:04:54+0000', 3, 2),
(601663519844755, '601663519844755_877847175559720', '2014-10-16T05:05:27+0000', 2, 0),
(601663519844755, '601663519844755_877847388893032', '2014-10-16T05:06:25+0000', 0, 1),
(601663519844755, '601663519844755_877848825559555', '2014-10-16T05:12:07+0000', 3, 1),
(601663519844755, '601663519844755_877869252224179', '2014-10-16T06:44:23+0000', 3, 0),
(601663519844755, '601663519844755_877875545556883', '2014-10-16T07:13:40+0000', 2, 2),
(601663519844755, '601663519844755_877879965556441', '2014-10-16T07:31:51+0000', 1, 0),
(601663519844755, '601663519844755_877885895555848', '2014-10-16T07:49:36+0000', 3, 0),
(601663519844755, '601663519844755_877919055552532', '2014-10-16T08:58:31+0000', 5, 1),
(601663519844755, '601663519844755_877924805551957', '2014-10-16T09:24:28+0000', 2, 0),
(601663519844755, '601663519844755_877930365551401', '2014-10-16T09:48:43+0000', 1, 0),
(601663519844755, '601663519844755_877947828882988', '2014-10-16T10:40:46+0000', 2, 0),
(601663519844755, '601663519844755_877957678882003', '2014-10-16T11:13:08+0000', 2, 1),
(601663519844755, '601663519844755_877979535546484', '2014-10-16T12:16:38+0000', 3, 0),
(601663519844755, '601663519844755_877987895545648', '2014-10-16T12:42:28+0000', 5, 1),
(601663519844755, '601663519844755_877994738878297', '2014-10-16T13:00:16+0000', 5, 0),
(601663519844755, '601663519844755_877998935544544', '2014-10-16T13:13:39+0000', 4, 1),
(601663519844755, '601663519844755_878125868865184', '2014-10-16T17:05:02+0000', 4, 0),
(601663519844755, '601663519844755_878142488863522', '2014-10-16T17:46:53+0000', 2, 0),
(601663519844755, '601663519844755_878325398845231', '2014-10-17T03:18:54+0000', 2, 0),
(601663519844755, '601663519844755_878366585507779', '2014-10-17T05:54:55+0000', 18, 2),
(601663519844755, '601663519844755_878380438839727', '2014-10-17T06:31:58+0000', 3, 1),
(601663519844755, '601663519844755_878380635506374', '2014-10-17T06:33:06+0000', 4, 1),
(601663519844755, '601663519844755_878381272172977', '2014-10-17T06:36:27+0000', 3, 2),
(601663519844755, '601663519844755_878381965506241', '2014-10-17T06:38:43+0000', 0, 0),
(601663519844755, '601663519844755_878384012172703', '2014-10-17T06:47:03+0000', 1, 0),
(601663519844755, '601663519844755_878387345505703', '2014-10-17T07:00:58+0000', 1, 0),
(601663519844755, '601663519844755_878387722172332', '2014-10-17T07:02:51+0000', 1, 1),
(601663519844755, '601663519844755_878395148838256', '2014-10-17T07:31:12+0000', 1, 0),
(601663519844755, '601663519844755_878400202171084', '2014-10-17T07:46:21+0000', 1, 0),
(601663519844755, '601663519844755_878400495504388', '2014-10-17T07:47:21+0000', 1, 0),
(601663519844755, '601663519844755_878400668837704', '2014-10-17T07:48:14+0000', 1, 0),
(601663519844755, '601663519844755_878400778837693', '2014-10-17T07:48:44+0000', 5, 0),
(601663519844755, '601663519844755_878401398837631', '2014-10-17T07:51:03+0000', 1, 1),
(601663519844755, '601663519844755_878403312170773', '2014-10-17T07:58:35+0000', 0, 0),
(601663519844755, '601663519844755_878406782170426', '2014-10-17T08:13:43+0000', 6, 1),
(601663519844755, '601663519844755_878410325503405', '2014-10-17T08:28:55+0000', 0, 0),
(601663519844755, '601663519844755_878412172169887', '2014-10-17T08:38:14+0000', 1, 2),
(601663519844755, '601663519844755_878425592168545', '2014-10-17T09:40:56+0000', 2, 0),
(601663519844755, '601663519844755_878438245500613', '2014-10-17T10:30:48+0000', 1, 0),
(601663519844755, '601663519844755_878450258832745', '2014-10-17T11:15:55+0000', 1, 0),
(601663519844755, '601663519844755_878458828831888', '2014-10-17T11:47:16+0000', 1, 2),
(601663519844755, '601663519844755_878461245498313', '2014-10-17T11:53:33+0000', 39, 3),
(601663519844755, '601663519844755_878480172163087', '2014-10-17T12:46:15+0000', 2, 0),
(601663519844755, '601663519844755_878628945481543', '2014-10-17T18:07:43+0000', 2, 0),
(601663519844755, '601663519844755_878760798801691', '2014-10-18T00:37:32+0000', 0, 0),
(601663519844755, '601663519844755_878795445464893', '2014-10-18T02:36:22+0000', 3, 0),
(601663519844755, '601663519844755_878878648789906', '2014-10-18T06:42:54+0000', 2, 0),
(601663519844755, '601663519844755_878879745456463', '2014-10-18T06:47:52+0000', 1, 0),
(601663519844755, '601663519844755_878879932123111', '2014-10-18T06:48:40+0000', 4, 0),
(601663519844755, '601663519844755_878910318786739', '2014-10-18T08:34:41+0000', 3, 0),
(601663519844755, '601663519844755_878911818786589', '2014-10-18T08:37:24+0000', 4, 0),
(601663519844755, '601663519844755_879031782107926', '2014-10-18T13:25:46+0000', 3, 0),
(601663519844755, '601663519844755_879101765434261', '2014-10-18T15:54:44+0000', 3, 0),
(601663519844755, '601663519844755_879343255410112', '2014-10-19T03:20:47+0000', 2, 0),
(601663519844755, '601663519844755_879384978739273', '2014-10-19T05:15:27+0000', 2, 0),
(601663519844755, '601663519844755_879411522069952', '2014-10-19T06:20:12+0000', 4, 0),
(601663519844755, '601663519844755_879416635402774', '2014-10-19T06:23:41+0000', 6, 0),
(601663519844755, '601663519844755_879421502068954', '2014-10-19T06:44:25+0000', 1, 0),
(601663519844755, '601663519844755_879442452066859', '2014-10-19T07:55:42+0000', 3, 1),
(601663519844755, '601663519844755_879581558719615', '2014-10-19T14:47:42+0000', 5, 0),
(601663519844755, '601663519844755_879923528685418', '2014-10-20T07:13:34+0000', 3, 0),
(601663519844755, '601663519844755_879998682011236', '2014-10-20T11:57:45+0000', 2, 0),
(601663519844755, '601663519844755_880005565343881', '2014-10-20T12:19:24+0000', 3, 0),
(601663519844755, '601663519844755_880018475342590', '2014-10-20T12:51:56+0000', 3, 0),
(601663519844755, '601663519844755_880024388675332', '2014-10-20T13:09:51+0000', 4, 0),
(601663519844755, '601663519844755_880324028645368', '2014-10-21T01:50:07+0000', 0, 0),
(601663519844755, '601663519844755_880401055304332', '2014-10-21T05:05:12+0000', 1, 0),
(601663519844755, '601663519844755_880443495300088', '2014-10-21T07:45:59+0000', 1, 0),
(601663519844755, '601663519844755_880444221966682', '2014-10-21T07:49:37+0000', 35, 1),
(601663519844755, '601663519844755_880464355298002', '2014-10-21T09:09:23+0000', 1, 0),
(601663519844755, '601663519844755_880478671963237', '2014-10-21T09:57:05+0000', 2, 0),
(601663519844755, '601663519844755_880486381962466', '2014-10-21T10:29:03+0000', 2, 0),
(601663519844755, '601663519844755_880502401960864', '2014-10-21T11:12:00+0000', 1, 0),
(601663519844755, '601663519844755_880518921959212', '2014-10-21T11:59:16+0000', 1, 0),
(601663519844755, '601663519844755_880539915290446', '2014-10-21T12:42:28+0000', 1, 1),
(601663519844755, '601663519844755_880553311955773', '2014-10-21T13:16:25+0000', 4, 0),
(601663519844755, '601663519844755_880920031919101', '2014-10-22T06:45:22+0000', 37, 2),
(601663519844755, '601663519844755_880922741918830', '2014-10-22T06:57:17+0000', 20, 4),
(601663519844755, '601663519844755_880984345246003', '2014-10-22T10:36:12+0000', 2, 0),
(601663519844755, '601663519844755_880993591911745', '2014-10-22T11:06:24+0000', 3, 0),
(601663519844755, '601663519844755_881294778548293', '2014-10-23T01:31:49+0000', 1, 0),
(601663519844755, '601663519844755_881295828548188', '2014-10-23T01:35:05+0000', 0, 0),
(601663519844755, '601663519844755_881358161875288', '2014-10-23T05:11:21+0000', 2, 0),
(601663519844755, '601663519844755_881358688541902', '2014-10-23T05:12:56+0000', 1, 0),
(601663519844755, '601663519844755_881459858531785', '2014-10-23T11:00:59+0000', 1, 0),
(601663519844755, '601663519844755_881877525156685', '2014-10-24T08:13:48+0000', 2, 0),
(601663519844755, '601663519844755_881925438485227', '2014-10-24T10:54:43+0000', 4, 0),
(601663519844755, '601663519844755_882048485139589', '2014-10-24T16:33:47+0000', 21, 0),
(601663519844755, '601663519844755_882348728442898', '2014-10-25T06:34:09+0000', 1, 0),
(601663519844755, '601663519844755_882360141775090', '2014-10-25T07:18:50+0000', 2, 0),
(601663519844755, '601663519844755_882360195108418', '2014-10-25T07:19:01+0000', 2, 1),
(601663519844755, '601663519844755_882432151767889', '2014-10-25T11:03:33+0000', 1, 0),
(601663519844755, '601663519844755_882495715094866', '2014-10-25T13:58:31+0000', 3, 0),
(601663519844755, '601663519844755_882508098426961', '2014-10-25T14:31:54+0000', 11, 0),
(601663519844755, '601663519844755_882602991750805', '2014-10-25T18:18:59+0000', 4, 0),
(601663519844755, '601663519844755_882631105081327', '2014-10-25T19:16:16+0000', 2, 0),
(601663519844755, '601663519844755_882670241744080', '2014-10-25T20:49:27+0000', 0, 0),
(601663519844755, '601663519844755_882860475058390', '2014-10-26T06:16:52+0000', 3, 0),
(601663519844755, '601663519844755_882902888387482', '2014-10-26T08:09:21+0000', 2, 0),
(601663519844755, '601663519844755_882930445051393', '2014-10-26T09:41:34+0000', 1, 0),
(601663519844755, '601663519844755_882961538381617', '2014-10-26T10:48:37+0000', 3, 0),
(601663519844755, '601663519844755_883027745041663', '2014-10-26T13:23:24+0000', 2, 0),
(601663519844755, '601663519844755_883056608372110', '2014-10-26T14:31:39+0000', 2, 0),
(601663519844755, '601663519844755_883074151703689', '2014-10-26T15:17:58+0000', 1, 0),
(601663519844755, '601663519844755_883383668339404', '2014-10-27T04:43:36+0000', 5, 0),
(601663519844755, '601663519844755_883426281668476', '2014-10-27T07:15:19+0000', 2, 0),
(601663519844755, '601663519844755_883456101665494', '2014-10-27T09:12:25+0000', 2, 0),
(601663519844755, '601663519844755_883469401664164', '2014-10-27T09:57:58+0000', 1, 0),
(601663519844755, '601663519844755_883483021662802', '2014-10-27T10:40:40+0000', 29, 1),
(601663519844755, '601663519844755_883502724994165', '2014-10-27T11:43:42+0000', 2, 0),
(601663519844755, '601663519844755_883518341659270', '2014-10-27T12:28:10+0000', 1, 0),
(601663519844755, '601663519844755_883696551641449', '2014-10-27T19:06:23+0000', 1, 0),
(601663519844755, '601663519844755_883722251638879', '2014-10-27T19:45:32+0000', 12, 0),
(601663519844755, '601663519844755_883984114946026', '2014-10-28T06:21:02+0000', 41, 5),
(601663519844755, '601663519844755_883991488278622', '2014-10-28T06:52:43+0000', 2, 5),
(601663519844755, '601663519844755_884008948276876', '2014-10-28T07:47:02+0000', 1, 0),
(601663519844755, '601663519844755_884013418276429', '2014-10-28T08:05:58+0000', 1, 0),
(601663519844755, '601663519844755_884022668275504', '2014-10-28T08:25:09+0000', 22, 2),
(601663519844755, '601663519844755_884025444941893', '2014-10-28T08:33:07+0000', 1, 0),
(601663519844755, '601663519844755_884032761607828', '2014-10-28T09:03:28+0000', 2, 0),
(601663519844755, '601663519844755_884054604938977', '2014-10-28T09:48:22+0000', 2, 0),
(601663519844755, '601663519844755_884070784937359', '2014-10-28T10:33:51+0000', 1, 0),
(601663519844755, '601663519844755_884098351601269', '2014-10-28T11:59:15+0000', 3, 0),
(601663519844755, '601663519844755_884118708265900', '2014-10-28T12:54:11+0000', 25, 0),
(601663519844755, '601663519844755_884590911552013', '2014-10-29T07:43:09+0000', 2, 1),
(601663519844755, '601663519844755_884606998217071', '2014-10-29T08:48:43+0000', 0, 0),
(601663519844755, '601663519844755_884620981549006', '2014-10-29T09:46:12+0000', 0, 0),
(601663519844755, '601663519844755_884628664881571', '2014-10-29T10:15:01+0000', 0, 0),
(601663519844755, '601663519844755_884649658212805', '2014-10-29T10:34:34+0000', 0, 0),
(601663519844755, '601663519844755_884685831542521', '2014-10-29T11:03:04+0000', 0, 0),
(601663519844755, '601663519844755_884697438208027', '2014-10-29T11:43:55+0000', 1, 0),
(601663519844755, '601663519844755_884697591541345', '2014-10-29T11:44:36+0000', 0, 0),
(601663519844755, '601663519844755_885230291488075', '2014-10-30T05:33:27+0000', 1, 0),
(601663519844755, '601663519844755_885230511488053', '2014-10-30T05:34:23+0000', 1, 0),
(601663519844755, '601663519844755_885252791485825', '2014-10-30T06:10:54+0000', 1, 0),
(601663519844755, '601663519844755_885307078147063', '2014-10-30T07:19:59+0000', 2, 0),
(601663519844755, '601663519844755_885316251479479', '2014-10-30T07:46:31+0000', 0, 0),
(601663519844755, '601663519844755_885333044811133', '2014-10-30T08:44:57+0000', 1, 0),
(601663519844755, '601663519844755_885339941477110', '2014-10-30T09:12:29+0000', 0, 0),
(601663519844755, '601663519844755_885348504809587', '2014-10-30T09:44:00+0000', 2, 0),
(601663519844755, '601663519844755_885350371476067', '2014-10-30T09:51:35+0000', 0, 0),
(601663519844755, '601663519844755_885350551476049', '2014-10-30T09:52:18+0000', 0, 0),
(601663519844755, '601663519844755_885361808141590', '2014-10-30T10:26:38+0000', 3, 0),
(601663519844755, '601663519844755_885379191473185', '2014-10-30T11:19:25+0000', 2, 0),
(601663519844755, '601663519844755_885406421470462', '2014-10-30T12:32:27+0000', 0, 0),
(601663519844755, '601663519844755_885406564803781', '2014-10-30T12:32:45+0000', 0, 0),
(601663519844755, '601663519844755_885406664803771', '2014-10-30T12:33:10+0000', 0, 0),
(601663519844755, '601663519844755_885551834789254', '2014-10-30T16:25:25+0000', 1, 0),
(601663519844755, '601663519844755_885552278122543', '2014-10-30T16:26:42+0000', 0, 0),
(601663519844755, '601663519844755_885571384787299', '2014-10-30T17:19:18+0000', 1, 0),
(601663519844755, '601663519844755_885586048119166', '2014-10-30T18:03:52+0000', 1, 0),
(601663519844755, '601663519844755_885959208081850', '2014-10-31T05:44:14+0000', 3, 0),
(601663519844755, '601663519844755_885971914747246', '2014-10-31T06:19:50+0000', 1, 0),
(601663519844755, '601663519844755_885972061413898', '2014-10-31T06:20:39+0000', 1, 0),
(601663519844755, '601663519844755_885989498078821', '2014-10-31T07:26:22+0000', 1, 0),
(601663519844755, '601663519844755_885989544745483', '2014-10-31T07:26:31+0000', 1, 0),
(601663519844755, '601663519844755_886000118077759', '2014-10-31T08:01:45+0000', 4, 0),
(601663519844755, '601663519844755_886005278077243', '2014-10-31T08:20:48+0000', 0, 0),
(601663519844755, '601663519844755_886013548076416', '2014-10-31T08:51:03+0000', 1, 0),
(601663519844755, '601663519844755_886021174742320', '2014-10-31T09:20:19+0000', 2, 0),
(601663519844755, '601663519844755_886031701407934', '2014-10-31T10:02:28+0000', 1, 0),
(601663519844755, '601663519844755_886037008074070', '2014-10-31T10:18:42+0000', 1, 0),
(601663519844755, '601663519844755_886061018071669', '2014-10-31T11:26:47+0000', 2, 0),
(601663519844755, '601663519844755_886073434737094', '2014-10-31T11:54:59+0000', 1, 0),
(601663519844755, '601663519844755_886095231401581', '2014-10-31T12:44:44+0000', 1, 0),
(601663519844755, '601663519844755_886095244734913', '2014-10-31T12:44:46+0000', 1, 0),
(601663519844755, '601663519844755_886101444734293', '2014-10-31T12:59:55+0000', 1, 0),
(601663519844755, '601663519844755_887049137972857', '2014-11-02T05:22:17+0000', 3, 0),
(601663519844755, '601663519844755_887052911305813', '2014-11-02T05:35:08+0000', 2, 0),
(601663519844755, '601663519844755_887055607972210', '2014-11-02T05:45:44+0000', 4, 0),
(601663519844755, '601663519844755_887056344638803', '2014-11-02T05:49:11+0000', 2, 0),
(601663519844755, '601663519844755_887076404636797', '2014-11-02T07:07:10+0000', 0, 0),
(601663519844755, '601663519844755_887081444636293', '2014-11-02T07:30:16+0000', 2, 0),
(601663519844755, '601663519844755_887097797967991', '2014-11-02T08:29:56+0000', 0, 0),
(601663519844755, '601663519844755_887130014631436', '2014-11-02T10:28:13+0000', 0, 0),
(601663519844755, '601663519844755_887279571283147', '2014-11-02T15:45:31+0000', 1, 0),
(601663519844755, '601663519844755_887291811281923', '2014-11-02T16:12:07+0000', 0, 0),
(601663519844755, '601663519844755_888425951168509', '2014-11-04T08:30:06+0000', 0, 0),
(601663519844755, '601663519844755_888492857828485', '2014-11-04T12:27:35+0000', 1, 0),
(601663519844755, '601663519844755_888517344492703', '2014-11-04T13:41:06+0000', 0, 0),
(601663519844755, '601663519844755_888564504487987', '2014-11-04T15:48:21+0000', 1, 0),
(601663519844755, '601663519844755_888888484455589', '2014-11-05T06:26:16+0000', 1, 0),
(601663519844755, '601663519844755_888895754454862', '2014-11-05T06:56:30+0000', 1, 0),
(601663519844755, '601663519844755_888898544454583', '2014-11-05T07:11:59+0000', 0, 0),
(601663519844755, '601663519844755_888902771120827', '2014-11-05T07:35:44+0000', 1, 0),
(601663519844755, '601663519844755_888909537786817', '2014-11-04T18:39:00+0000', 27, 1),
(601663519844755, '601663519844755_888909597786811', '2014-11-05T08:09:37+0000', 0, 0),
(601663519844755, '601663519844755_888911691119935', '2014-11-05T08:17:21+0000', 0, 0),
(601663519844755, '601663519844755_888916721119432', '2014-11-05T08:38:04+0000', 0, 0),
(601663519844755, '601663519844755_888937654450672', '2014-11-05T09:51:04+0000', 1, 0),
(601663519844755, '601663519844755_888951204449317', '2014-11-05T10:43:08+0000', 1, 0),
(601663519844755, '601663519844755_888955611115543', '2014-11-05T11:00:15+0000', 2, 0),
(601663519844755, '601663519844755_888973651113739', '2014-11-05T12:03:36+0000', 1, 0),
(601663519844755, '601663519844755_889298914414546', '2014-11-06T02:30:28+0000', 1, 0),
(601663519844755, '601663519844755_889368454407592', '2014-11-06T06:47:46+0000', 1, 0),
(601663519844755, '601663519844755_889429201068184', '2014-11-06T10:44:59+0000', 2, 0),
(601663519844755, '601663519844755_891060154238422', '2014-11-09T05:04:41+0000', 0, 0),
(601663519844755, '601663519844755_891644804179957', '2014-11-10T10:20:30+0000', 1, 1),
(601663519844755, '601663519844755_891647217513049', '2014-11-10T10:30:29+0000', 2, 0),
(601663519844755, '601663519844755_891657867511984', '2014-11-10T11:05:32+0000', 38, 3),
(601663519844755, '601663519844755_891677644176673', '2014-11-10T12:10:27+0000', 2, 1),
(601663519844755, '601663519844755_891683747509396', '2014-11-10T12:28:30+0000', 2, 0),
(601663519844755, '601663519844755_891687377509033', '2014-11-10T12:37:07+0000', 19, 0),
(601663519844755, '601663519844755_892105654133872', '2014-11-11T08:39:15+0000', 39, 1),
(601663519844755, '601663519844755_892115314132906', '2014-11-11T09:21:48+0000', 30, 2),
(601663519844755, '601663519844755_892139830797121', '2014-11-11T10:49:28+0000', 2, 0),
(601663519844755, '601663519844755_892140407463730', '2014-11-11T10:51:34+0000', 1, 0),
(601663519844755, '601663519844755_892172664127171', '2014-11-11T12:38:31+0000', 1, 0),
(601663519844755, '601663519844755_892556860755418', '2014-11-12T04:07:02+0000', 0, 0),
(601663519844755, '601663519844755_892558597421911', '2014-11-12T04:10:17+0000', 0, 0),
(601663519844755, '601663519844755_892577257420045', '2014-11-12T05:16:43+0000', 0, 0),
(601663519844755, '601663519844755_892601097417661', '2014-11-12T06:31:21+0000', 0, 0),
(601663519844755, '601663519844755_892605250750579', '2014-11-12T06:44:59+0000', 0, 0),
(601663519844755, '601663519844755_892652524079185', '2014-11-12T10:05:44+0000', 0, 0),
(601663519844755, '601663519844755_893053980705706', '2014-11-13T06:08:17+0000', 2, 0),
(601663519844755, '601663519844755_893064994037938', '2014-11-13T06:56:44+0000', 1, 1),
(601663519844755, '601663519844755_893066077371163', '2014-11-13T07:01:05+0000', 0, 0),
(601663519844755, '601663519844755_893068474037590', '2014-11-13T07:10:36+0000', 1, 0),
(601663519844755, '601663519844755_893507923993645', '2014-11-14T04:54:58+0000', 0, 0),
(601663519844755, '601663519844755_893550567322714', '2014-11-14T07:49:44+0000', 1, 0),
(601663519844755, '601663519844755_893550817322689', '2014-11-14T07:51:41+0000', 1, 0),
(601663519844755, '601663519844755_893559147321856', '2014-11-14T08:29:02+0000', 2, 0),
(601663519844755, '601663519844755_893560263988411', '2014-11-14T08:33:35+0000', 0, 0),
(601663519844755, '601663519844755_893975553946882', '2014-11-15T06:27:02+0000', 0, 0),
(601663519844755, '601663519844755_893976400613464', '2014-11-15T06:31:22+0000', 32, 0),
(601663519844755, '601663519844755_893991350611969', '2014-11-15T06:42:21+0000', 0, 0),
(601663519844755, '601663519844755_893999827277788', '2014-11-15T07:07:10+0000', 2, 0),
(601663519844755, '601663519844755_894000793944358', '2014-11-15T07:11:09+0000', 1, 0),
(601663519844755, '601663519844755_894003990610705', '2014-11-15T07:30:14+0000', 0, 0),
(601663519844755, '601663519844755_894019023942535', '2014-11-15T08:42:13+0000', 0, 0),
(601663519844755, '601663519844755_894023283942109', '2014-11-15T09:00:56+0000', 0, 0),
(601663519844755, '601663519844755_894023343942103', '2014-11-15T09:01:14+0000', 2, 0),
(601663519844755, '601663519844755_894023373942100', '2014-11-15T09:01:22+0000', 2, 0),
(601663519844755, '601663519844755_895072323837205', '2014-11-17T09:51:15+0000', 2, 0),
(601663519844755, '601663519844755_895073380503766', '2014-11-17T09:55:40+0000', 2, 0),
(601663519844755, '601663519844755_895073827170388', '2014-11-17T09:58:01+0000', 1, 0),
(601663519844755, '601663519844755_895074350503669', '2014-11-17T10:00:12+0000', 3, 0),
(601663519844755, '601663519844755_895527557125015', '2014-11-18T07:11:46+0000', 2, 0),
(601663519844755, '601663519844755_895529537124817', '2014-11-18T07:14:40+0000', 1, 0),
(601663519844755, '601663519844755_895557090455395', '2014-11-18T08:58:11+0000', 0, 0),
(601663519844755, '601663519844755_895563667121404', '2014-11-18T09:29:30+0000', 16, 0),
(601663519844755, '601663519844755_895586247119146', '2014-11-18T11:07:20+0000', 0, 0),
(601663519844755, '601663519844755_895592957118475', '2014-11-18T11:29:17+0000', 1, 0);
INSERT INTO `posts_details` (`page_id`, `post_id`, `created_time`, `likes`, `comments`) VALUES
(601663519844755, '601663519844755_895683573776080', '2014-11-18T15:57:50+0000', 2, 0),
(601663519844755, '601663519844755_895997557078015', '2014-11-19T05:21:25+0000', 2, 1),
(601663519844755, '601663519844755_896024827075288', '2014-11-19T07:25:18+0000', 0, 0),
(601663519844755, '601663519844755_896026847075086', '2014-11-19T07:37:58+0000', 0, 1),
(601663519844755, '601663519844755_896031730407931', '2014-11-19T07:59:12+0000', 0, 0),
(601663519844755, '601663519844755_896043937073377', '2014-11-19T09:00:24+0000', 1, 0),
(601663519844755, '601663519844755_896049920406112', '2014-11-19T09:27:35+0000', 0, 0),
(601663519844755, '601663519844755_896056787072092', '2014-11-19T09:53:32+0000', 0, 0),
(601663519844755, '601663519844755_896057067072064', '2014-11-19T09:54:31+0000', 1, 0),
(601663519844755, '601663519844755_896059163738521', '2014-11-19T10:03:41+0000', 0, 0),
(601663519844755, '601663519844755_896061903738247', '2014-11-19T10:15:03+0000', 0, 0),
(601663519844755, '601663519844755_896067343737703', '2014-11-19T10:33:37+0000', 1, 1),
(601663519844755, '601663519844755_896068027070968', '2014-11-19T10:37:05+0000', 0, 0),
(601663519844755, '601663519844755_896071687070602', '2014-11-19T10:51:33+0000', 0, 0),
(601663519844755, '601663519844755_896094040401700', '2014-11-19T12:04:33+0000', 0, 0),
(601663519844755, '601663519844755_896232553721182', '2014-11-19T18:02:56+0000', 0, 0),
(601663519844755, '601663519844755_896501730360931', '2014-11-20T03:42:56+0000', 0, 0),
(601663519844755, '601663519844755_896594613684976', '2014-11-20T07:23:45+0000', 2, 0),
(601663519844755, '601663519844755_896604900350614', '2014-11-20T07:42:59+0000', 0, 0),
(601663519844755, '601663519844755_896611760349928', '2014-11-20T08:11:34+0000', 0, 0),
(601663519844755, '601663519844755_896651633679274', '2014-11-20T10:52:31+0000', 32, 3),
(601663519844755, '601663519844755_896656617012109', '2014-11-20T11:07:56+0000', 1, 0),
(601663519844755, '601663519844755_896659070345197', '2014-11-20T11:20:23+0000', 0, 0),
(601663519844755, '601663519844755_896669553677482', '2014-11-20T11:57:54+0000', 0, 0),
(601663519844755, '601663519844755_896815696996201', '2014-11-20T18:44:55+0000', 0, 0),
(601663519844755, '601663519844755_896815783662859', '2014-11-20T18:45:08+0000', 2, 0),
(601663519844755, '601663519844755_897578166919954', '2014-11-22T07:44:16+0000', 1, 0),
(601663519844755, '601663519844755_897582426919528', '2014-11-22T08:02:19+0000', 2, 1),
(601663519844755, '601663519844755_897608913583546', '2014-11-22T09:19:51+0000', 3, 0),
(601663519844755, '601663519844755_897645153579922', '2014-11-22T10:47:41+0000', 3, 0),
(601663519844755, '601663519844755_897801150230989', '2014-11-22T17:21:01+0000', 1, 0),
(601663519844755, '601663519844755_898063350204769', '2014-11-23T02:58:37+0000', 1, 0),
(601663519844755, '601663519844755_898068583537579', '2014-11-23T03:13:29+0000', 2, 0),
(601663519844755, '601663519844755_898847193459718', '2014-11-24T09:23:42+0000', 0, 0),
(601663519844755, '601663519844755_898857726791998', '2014-11-24T10:02:32+0000', 1, 0),
(601663519844755, '601663519844755_898884570122647', '2014-11-24T11:35:58+0000', 0, 0),
(601663519844755, '601663519844755_899884006689370', '2014-11-26T04:05:31+0000', 2, 0),
(601663519844755, '601663519844755_899936976684073', '2014-11-26T07:25:13+0000', 1, 0),
(601663519844755, '601663519844755_899937326684038', '2014-11-26T07:27:20+0000', 3, 1),
(601663519844755, '601663519844755_900423456635425', '2014-11-27T07:48:11+0000', 0, 0),
(601663519844755, '601663519844755_900424749968629', '2014-11-27T07:54:04+0000', 1, 0),
(601663519844755, '601663519844755_900601659950938', '2014-11-27T14:43:42+0000', 2, 0),
(601663519844755, '601663519844755_900910416586729', '2014-11-28T05:04:01+0000', 2, 0),
(601663519844755, '601663519844755_900913979919706', '2014-11-28T05:13:53+0000', 2, 0),
(601663519844755, '601663519844755_900916363252801', '2014-11-28T05:23:51+0000', 3, 0),
(601663519844755, '601663519844755_900950023249435', '2014-11-28T07:29:35+0000', 3, 1),
(601663519844755, '601663519844755_901326869878417', '2014-11-29T02:40:36+0000', 1, 0),
(601663519844755, '601663519844755_901352833209154', '2014-11-29T03:33:03+0000', 2, 0),
(601663519844755, '601663519844755_901395246538246', '2014-11-29T05:59:06+0000', 3, 0),
(601663519844755, '601663519844755_901409586536812', '2014-11-29T06:56:25+0000', 11, 5),
(601663519844755, '601663519844755_902553176422453', '2014-12-01T10:25:17+0000', 1, 0),
(601663519844755, '601663519844755_902680763076361', '2014-12-01T16:16:42+0000', 0, 0),
(601663519844755, '601663519844755_902953246382446', '2014-12-02T04:21:00+0000', 1, 0),
(601663519844755, '601663519844755_902981086379662', '2014-12-02T06:10:38+0000', 1, 0),
(601663519844755, '601663519844755_902982403046197', '2014-12-02T06:14:59+0000', 1, 0),
(601663519844755, '601663519844755_902984209712683', '2014-12-02T06:22:29+0000', 0, 0),
(601663519844755, '601663519844755_902985286379242', '2014-12-02T06:26:55+0000', 1, 0),
(601663519844755, '601663519844755_902986106379160', '2014-12-02T06:30:15+0000', 0, 0),
(601663519844755, '601663519844755_902988003045637', '2014-12-02T06:37:31+0000', 1, 0),
(601663519844755, '601663519844755_903405843003853', '2014-12-03T03:05:29+0000', 0, 0),
(601663519844755, '601663519844755_903407739670330', '2014-12-03T03:12:18+0000', 4, 0),
(601663519844755, '601663519844755_903437269667377', '2014-12-03T05:09:09+0000', 0, 0),
(601663519844755, '601663519844755_903444153000022', '2014-12-03T05:44:06+0000', 0, 0),
(601663519844755, '601663519844755_903889602955477', '2014-12-04T05:14:28+0000', 4, 0),
(601663519844755, '601663519844755_904381652906272', '2014-12-05T06:33:40+0000', 4, 0),
(601663519844755, '601663519844755_904383746239396', '2014-12-05T06:40:12+0000', 1, 0),
(601663519844755, '601663519844755_904982272846210', '2014-12-06T04:31:27+0000', 0, 0),
(601663519844755, '601663519844755_904986062845831', '2014-12-06T04:37:26+0000', 0, 0),
(601663519844755, '601663519844755_905068979504206', '2014-12-06T07:39:45+0000', 1, 0),
(601663519844755, '601663519844755_905678286109942', '2014-12-07T11:02:13+0000', 18, 1),
(601663519844755, '601663519844755_905679756109795', '2014-12-07T11:07:53+0000', 2, 0),
(601663519844755, '601663519844755_905685232775914', '2014-12-07T11:25:29+0000', 1, 0),
(601663519844755, '601663519844755_906154612728976', '2014-12-08T04:57:14+0000', 1, 0),
(601663519844755, '601663519844755_906155366062234', '2014-12-08T05:00:19+0000', 1, 0),
(601663519844755, '601663519844755_906751256002645', '2014-12-09T10:52:17+0000', 0, 0),
(601663519844755, '601663519844755_907319832612454', '2014-12-10T07:11:01+0000', 1, 0),
(601663519844755, '601663519844755_907337549277349', '2014-12-10T08:30:34+0000', 1, 0),
(601663519844755, '601663519844755_909787459032358', '2014-12-15T07:05:56+0000', 2, 0),
(601663519844755, '601663519844755_909811762363261', '2014-12-15T08:16:34+0000', 1, 0),
(601663519844755, '601663519844755_909812029029901', '2014-12-15T08:17:30+0000', 0, 0),
(601663519844755, '601663519844755_909812402363197', '2014-12-15T08:19:28+0000', 0, 0),
(601663519844755, '601663519844755_912799122064525', '2014-12-21T07:57:26+0000', 2, 0),
(601663519844755, '601663519844755_913434128667691', '2014-12-22T07:52:43+0000', 1, 0),
(601663519844755, '601663519844755_913458521998585', '2014-12-22T09:28:01+0000', 23, 1),
(601663519844755, '601663519844755_913473945330376', '2014-12-22T10:19:10+0000', 2, 0),
(601663519844755, '601663519844755_913493581995079', '2014-12-22T11:28:09+0000', 1, 0),
(601663519844755, '601663519844755_913499048661199', '2014-12-22T11:45:41+0000', 40, 1),
(601663519844755, '601663519844755_913933105284460', '2014-12-23T06:34:57+0000', 4, 0),
(601663519844755, '601663519844755_913971631947274', '2014-12-23T09:23:58+0000', 1, 0),
(601663519844755, '601663519844755_913972338613870', '2014-12-23T09:25:26+0000', 1, 0),
(601663519844755, '601663519844755_914507888560315', '2014-12-24T05:51:01+0000', 1, 0),
(601663519844755, '601663519844755_914509568560147', '2014-12-24T05:57:37+0000', 4, 0),
(601663519844755, '601663519844755_914523678558736', '2014-12-24T06:42:42+0000', 6, 0),
(601663519844755, '601663519844755_914527565225014', '2014-12-24T06:58:38+0000', 30, 0),
(601663519844755, '601663519844755_914554125222358', '2014-12-24T08:32:40+0000', 1, 0),
(601663519844755, '601663519844755_914612211883216', '2014-12-24T11:41:07+0000', 0, 0),
(601663519844755, '601663519844755_914778458533258', '2014-12-24T18:19:33+0000', 5, 0),
(601663519844755, '601663519844755_914796998531404', '2014-12-24T19:03:28+0000', 0, 0),
(601663519844755, '601663519844755_915203918490712', '2014-12-25T07:50:40+0000', 0, 0),
(601663519844755, '601663519844755_915740221770415', '2014-12-26T05:06:48+0000', 2, 0),
(601663519844755, '601663519844755_915794591764978', '2014-12-26T08:11:55+0000', 36, 1),
(601663519844755, '601663519844755_915839888427115', '2014-12-26T10:45:23+0000', 0, 0),
(601663519844755, '601663519844755_915864761757961', '2014-12-26T12:03:47+0000', 1, 0),
(601663519844755, '601663519844755_916162318394872', '2014-12-26T19:34:42+0000', 1, 0),
(601663519844755, '601663519844755_916509848360119', '2014-12-27T05:09:13+0000', 3, 1),
(601663519844755, '601663519844755_916520898359014', '2014-12-27T05:49:28+0000', 21, 2),
(601663519844755, '601663519844755_916552055022565', '2014-12-27T07:26:52+0000', 27, 2),
(601663519844755, '601663519844755_916554418355662', '2014-12-27T07:36:14+0000', 12, 1),
(601663519844755, '601663519844755_916555181688919', '2014-12-27T07:38:23+0000', 4, 0),
(601663519844755, '601663519844755_916562165021554', '2014-12-27T08:10:55+0000', 1, 0),
(601663519844755, '601663519844755_916562841688153', '2014-12-27T08:13:23+0000', 6, 1),
(601663519844755, '601663519844755_916612485016522', '2014-12-27T11:04:33+0000', 48, 1),
(601663519844755, '601663519844755_916630855014685', '2014-12-27T11:54:41+0000', 2, 0),
(601663519844755, '601663519844755_916718248339279', '2014-12-27T15:11:10+0000', 3, 0),
(601663519844755, '601663519844755_916814301663007', '2014-12-27T19:01:31+0000', 2, 0),
(601663519844755, '601663519844755_916815331662904', '2014-12-27T19:04:46+0000', 2, 0),
(601663519844755, '601663519844755_917072378303866', '2014-12-28T02:31:05+0000', 2, 0),
(601663519844755, '601663519844755_917179211626516', '2014-12-28T08:10:21+0000', 10, 0),
(601663519844755, '601663519844755_917234501620987', '2014-12-28T11:01:23+0000', 4, 0),
(601663519844755, '601663519844755_917798638231240', '2014-12-29T02:02:49+0000', 4, 1),
(601663519844755, '601663519844755_917995454878225', '2014-12-29T05:52:43+0000', 5, 0),
(601663519844755, '601663519844755_918003594877411', '2014-12-29T06:31:36+0000', 4, 0),
(601663519844755, '601663519844755_918030244874746', '2014-12-29T08:31:42+0000', 5, 0),
(601663519844755, '601663519844755_918194131525024', '2014-12-29T12:19:20+0000', 2, 0),
(601663519844755, '601663519844755_918312181513219', '2014-12-29T17:25:02+0000', 0, 0),
(601663519844755, '601663519844755_918342451510192', '2014-12-29T18:28:27+0000', 0, 0),
(601663519844755, '601663519844755_918585218152582', '2014-12-30T06:46:25+0000', 2, 0),
(601663519844755, '601663519844755_918596778151426', '2014-12-30T07:43:19+0000', 0, 0),
(601663519844755, '601663519844755_918604028150701', '2014-12-30T08:13:50+0000', 3, 0),
(601663519844755, '601663519844755_918606564817114', '2014-12-30T08:24:38+0000', 0, 0),
(601663519844755, '601663519844755_918631564814614', '2014-12-30T09:58:31+0000', 3, 0),
(601663519844755, '601663519844755_919306621413775', '2014-12-31T09:16:38+0000', 3, 0),
(601663519844755, '601663519844755_919317991412638', '2014-12-31T09:53:45+0000', 3, 0),
(601663519844755, '601663519844755_919336738077430', '2014-12-31T10:50:25+0000', 3, 0),
(601663519844755, '601663519844755_919890228022081', '2015-01-01T04:41:21+0000', 1, 0),
(716287895148646, '716287895148646_716288215148614', '2015-06-15T05:09:07+0000', 7, 0),
(716287895148646, '716287895148646_716288485148587', '2015-06-15T05:11:59+0000', 5, 0),
(716287895148646, '716287895148646_716288585148577', '2015-06-15T05:12:50+0000', 7, 0),
(716287895148646, '716287895148646_717012721742830', '2015-06-17T10:03:15+0000', 6, 0),
(716287895148646, '716287895148646_717014381742664', '2015-06-17T10:10:55+0000', 5, 0),
(716287895148646, '716287895148646_723863594391076', '2015-07-05T11:41:47+0000', 7, 0),
(716287895148646, '716287895148646_723911494386286', '2015-07-05T14:53:08+0000', 10, 0),
(716287895148646, '716287895148646_723911814386254', '2015-07-05T14:54:22+0000', 5, 0),
(716287895148646, '716287895148646_723912744386161', '2015-07-05T14:58:19+0000', 4, 0),
(716287895148646, '716287895148646_723913064386129', '2015-07-05T14:59:02+0000', 5, 0),
(716287895148646, '716287895148646_726377760806326', '2015-07-12T18:59:44+0000', 4, 0),
(716287895148646, '716287895148646_726377900806312', '2015-07-12T19:00:07+0000', 4, 0),
(716287895148646, '716287895148646_726378274139608', '2015-07-12T19:01:09+0000', 7, 0),
(716287895148646, '716287895148646_726378370806265', '2015-07-12T19:01:42+0000', 4, 0),
(716287895148646, '716287895148646_726378590806243', '2015-07-12T19:02:39+0000', 4, 0),
(716287895148646, '716287895148646_726378797472889', '2015-07-12T19:03:24+0000', 3, 0),
(716287895148646, '716287895148646_726379184139517', '2015-07-12T19:05:03+0000', 4, 0),
(716287895148646, '716287895148646_726379637472805', '2015-07-12T19:06:33+0000', 5, 0),
(716287895148646, '716287895148646_726380064139429', '2015-07-12T19:08:28+0000', 5, 0),
(716287895148646, '716287895148646_726380634139372', '2015-07-12T19:10:18+0000', 4, 0),
(716287895148646, '716287895148646_726381944139241', '2015-07-12T19:13:12+0000', 4, 0),
(716287895148646, '716287895148646_726382497472519', '2015-07-12T19:13:51+0000', 14, 0),
(716287895148646, '716287895148646_726382807472488', '2015-07-12T19:14:18+0000', 13, 0),
(716287895148646, '716287895148646_726383547472414', '2015-07-12T19:18:14+0000', 5, 0),
(716287895148646, '716287895148646_726383784139057', '2015-07-12T19:18:54+0000', 7, 0),
(716287895148646, '716287895148646_726383947472374', '2015-07-12T19:20:31+0000', 11, 0),
(716287895148646, '716287895148646_727384747372294', '2015-07-14T19:38:09+0000', 13, 2),
(716287895148646, '716287895148646_727385960705506', '2015-07-14T19:45:18+0000', 3, 0),
(716287895148646, '716287895148646_727562460687856', '2015-07-15T06:10:58+0000', 6, 0),
(716287895148646, '716287895148646_727603114017124', '2015-07-15T10:32:33+0000', 2, 1),
(716287895148646, '716287895148646_727945993982836', '2015-07-16T07:22:17+0000', 0, 0),
(716287895148646, '716287895148646_728018097308959', '2015-07-16T13:07:14+0000', 1, 0),
(716287895148646, '716287895148646_731437320300370', '2015-07-25T11:23:36+0000', 3, 0),
(716287895148646, '716287895148646_734229070021195', '2015-08-01T12:50:24+0000', 1, 0),
(716287895148646, '716287895148646_734229746687794', '2015-08-01T12:52:03+0000', 4, 0),
(716287895148646, '716287895148646_734240710020031', '2015-08-01T13:49:01+0000', 1, 0),
(716287895148646, '716287895148646_734243676686401', '2015-08-01T13:50:23+0000', 3, 0),
(716287895148646, '716287895148646_734243883353047', '2015-08-01T14:01:55+0000', 0, 1),
(716287895148646, '716287895148646_734244416686327', '2015-08-01T13:53:54+0000', 4, 0),
(716287895148646, '716287895148646_734244683352967', '2015-08-01T14:11:38+0000', 1, 0),
(716287895148646, '716287895148646_734245250019577', '2015-08-01T14:21:33+0000', 1, 0),
(716287895148646, '716287895148646_734404010003701', '2015-08-02T02:05:09+0000', 1, 0),
(716287895148646, '716287895148646_734404300003672', '2015-08-02T03:06:01+0000', 2, 0),
(716287895148646, '716287895148646_734404503336985', '2015-08-10T01:07:14+0000', 2, 0),
(716287895148646, '716287895148646_734469813330454', '2015-08-02T06:01:28+0000', 1, 0),
(716287895148646, '716287895148646_734471103330325', '2015-08-02T06:11:39+0000', 2, 0),
(716287895148646, '716287895148646_743101655800603', '2015-08-24T07:11:14+0000', 4, 0),
(716287895148646, '716287895148646_743109545799814', '2015-08-24T07:32:50+0000', 5, 0),
(716287895148646, '716287895148646_773852432725525', '2015-11-11T18:58:14+0000', 5, 0),
(716287895148646, '716287895148646_774407919336643', '2015-11-13T08:59:10+0000', 4, 1),
(716287895148646, '716287895148646_801123409998427', '2016-01-14T11:51:28+0000', 7, 0),
(716287895148646, '716287895148646_801124633331638', '2016-01-14T11:53:47+0000', 4, 0),
(716287895148646, '716287895148646_824976004279834', '2016-03-04T18:00:19+0000', 5, 0),
(716287895148646, '716287895148646_850097308434370', '2016-04-14T03:20:16+0000', 25, 3),
(716287895148646, '716287895148646_863908590386575', '2016-05-09T07:33:43+0000', 11, 0),
(716287895148646, '716287895148646_864236993687068', '2016-05-09T20:59:10+0000', 0, 1),
(716287895148646, '716287895148646_872161416227959', '2016-05-24T21:51:46+0000', 5, 0),
(716287895148646, '716287895148646_883134141797353', '2016-06-14T06:39:40+0000', 6, 0),
(716287895148646, '716287895148646_883201478457286', '2016-06-14T10:58:31+0000', 1, 0);

-- --------------------------------------------------------

--
-- Table structure for table `raahgiri_checked`
--

CREATE TABLE `raahgiri_checked` (
  `page_name` varchar(100) NOT NULL,
  `checkin` bigint(20) NOT NULL
) ENGINE=InnoDB DEFAULT CHARSET=latin1;

--
-- Dumping data for table `raahgiri_checked`
--

INSERT INTO `raahgiri_checked` (`page_name`, `checkin`) VALUES
('Shakehands Raahgiri', 132),
('Cp Raahgiri', 4),
('CP Raahgiri', 0),
('Raahgiri cp', 0),
('Raahgiri At Cp', 1),
('Raahgiri cp', 0),
('Raahgiri CP', 2),
('Raahgiri Day Delhi', 10340),
('CP Raahgiri', 0);

--
-- Indexes for dumped tables
--

--
-- Indexes for table `facebook_pages`
--
ALTER TABLE `facebook_pages`
  ADD PRIMARY KEY (`page_id`);

--
-- Indexes for table `posts_details`
--
ALTER TABLE `posts_details`
  ADD PRIMARY KEY (`post_id`);

/*!40101 SET CHARACTER_SET_CLIENT=@OLD_CHARACTER_SET_CLIENT */;
/*!40101 SET CHARACTER_SET_RESULTS=@OLD_CHARACTER_SET_RESULTS */;
/*!40101 SET COLLATION_CONNECTION=@OLD_COLLATION_CONNECTION */;
