-- phpMyAdmin SQL Dump
-- version 4.5.1
-- http://www.phpmyadmin.net
--
-- Host: 127.0.0.1
-- Generation Time: Jul 15, 2016 at 07:56 PM
-- Server version: 10.1.9-MariaDB
-- PHP Version: 5.6.15

SET SQL_MODE = "NO_AUTO_VALUE_ON_ZERO";
SET time_zone = "+00:00";


/*!40101 SET @OLD_CHARACTER_SET_CLIENT=@@CHARACTER_SET_CLIENT */;
/*!40101 SET @OLD_CHARACTER_SET_RESULTS=@@CHARACTER_SET_RESULTS */;
/*!40101 SET @OLD_COLLATION_CONNECTION=@@COLLATION_CONNECTION */;
/*!40101 SET NAMES utf8mb4 */;

--
-- Database: `youthfest_db`
--

-- --------------------------------------------------------

--
-- Table structure for table `facebook_pages`
--

CREATE TABLE `facebook_pages` (
  `page_id` bigint(20) UNSIGNED NOT NULL,
  `page_name` varchar(250) DEFAULT NULL,
  `fan_count` bigint(20) UNSIGNED DEFAULT NULL,
  `people_talking` bigint(20) UNSIGNED DEFAULT NULL,
  `checked_in` bigint(20) UNSIGNED DEFAULT NULL
) ENGINE=InnoDB DEFAULT CHARSET=latin1;

--
-- Dumping data for table `facebook_pages`
--

INSERT INTO `facebook_pages` (`page_id`, `page_name`, `fan_count`, `people_talking`, `checked_in`) VALUES
(127208120656209, 'National Youth Arts Festival', 10, 0, 0),
(134479623321871, 'National Youth Festival 2012, Mangalore', 2109, 2, 0),
(141020135924572, 'National Youth Festival', 62, 0, 0),
(142458242536890, 'National Youth Festival', 2, 0, 66),
(152574271440628, 'National Youth Festival 2011, Udaipur', 1077, 2, 0),
(202221509981576, '18th National Youth Festival 2014 in Ludhiana', 112, 0, 0),
(262479230533037, '3rd National Youth Peace Festival 2012', 1055, 0, 0),
(531381583546844, 'National Rural Youth Fest', 2219, 5, 0),
(713413905350306, '18Th National Youth Festival Lidhiana', 1, 0, 2),
(745676465442979, '18Th National Youth Festival', 0, 0, 52),
(1200508839964140, 'National Youth Festival, Karnataka 2016', 84, 0, 0),
(1518405505155577, 'National Youth Festival Raipur', 13, 0, 79),
(1661056520848477, 'National Youth Festival 2016', 6767, 2, 0);

-- --------------------------------------------------------

--
-- Table structure for table `mituyouthcomment_1344`
--

CREATE TABLE `mituyouthcomment_1344` (
  `year` varchar(100) NOT NULL,
  `comment_count` bigint(20) NOT NULL
) ENGINE=InnoDB DEFAULT CHARSET=latin1;

--
-- Dumping data for table `mituyouthcomment_1344`
--

INSERT INTO `mituyouthcomment_1344` (`year`, `comment_count`) VALUES
('2012', 352),
('2011', 30),
('2013', 0),
('2014', 0),
('2015', 0),
('2016 ', 0);

-- --------------------------------------------------------

--
-- Table structure for table `mituyouthcomment_53138`
--

CREATE TABLE `mituyouthcomment_53138` (
  `year` varchar(100) NOT NULL,
  `comment_count` bigint(20) NOT NULL
) ENGINE=InnoDB DEFAULT CHARSET=latin1;

--
-- Dumping data for table `mituyouthcomment_53138`
--

INSERT INTO `mituyouthcomment_53138` (`year`, `comment_count`) VALUES
('2016', 50),
('2015', 20),
('2014', 2),
('2013', 8),
('2011', 0),
('2012', 0);

-- --------------------------------------------------------

--
-- Table structure for table `mituyouthlike_53138`
--

CREATE TABLE `mituyouthlike_53138` (
  `year` varchar(100) NOT NULL,
  `like_count` bigint(20) NOT NULL
) ENGINE=InnoDB DEFAULT CHARSET=latin1;

--
-- Dumping data for table `mituyouthlike_53138`
--

INSERT INTO `mituyouthlike_53138` (`year`, `like_count`) VALUES
('2016', 50),
('2015', 215),
('2014', 70),
('2013', 138),
('2011', 0),
('2012', 0);

-- --------------------------------------------------------

--
-- Table structure for table `mituyouthlike_134479`
--

CREATE TABLE `mituyouthlike_134479` (
  `year` varchar(100) NOT NULL,
  `like_count` bigint(20) NOT NULL
) ENGINE=InnoDB DEFAULT CHARSET=latin1;

--
-- Dumping data for table `mituyouthlike_134479`
--

INSERT INTO `mituyouthlike_134479` (`year`, `like_count`) VALUES
('2012', 91),
('2011', 1002),
('2013', 0),
('2014', 0),
('2015', 0),
('2016', 0);

-- --------------------------------------------------------

--
-- Table structure for table `mituyouthpost_1344`
--

CREATE TABLE `mituyouthpost_1344` (
  `year` varchar(100) NOT NULL,
  `post_count` bigint(20) NOT NULL
) ENGINE=InnoDB DEFAULT CHARSET=latin1;

--
-- Dumping data for table `mituyouthpost_1344`
--

INSERT INTO `mituyouthpost_1344` (`year`, `post_count`) VALUES
('2012', 36),
('2011', 7),
('2013', 0),
('2014', 0),
('2015', 0),
('2016', 0);

-- --------------------------------------------------------

--
-- Table structure for table `mituyouthpost_5313815`
--

CREATE TABLE `mituyouthpost_5313815` (
  `year` varchar(100) NOT NULL,
  `post_count` bigint(20) NOT NULL
) ENGINE=InnoDB DEFAULT CHARSET=latin1;

--
-- Dumping data for table `mituyouthpost_5313815`
--

INSERT INTO `mituyouthpost_5313815` (`year`, `post_count`) VALUES
('2016', 4),
('2015', 43),
('2014', 10),
('2013', 16),
('2011', 0),
('2012', 0);

-- --------------------------------------------------------

--
-- Table structure for table `mitu_youthcheckin`
--

CREATE TABLE `mitu_youthcheckin` (
  `page_name` varchar(250) DEFAULT NULL,
  `checked_in` bigint(20) UNSIGNED DEFAULT NULL
) ENGINE=InnoDB DEFAULT CHARSET=latin1;

--
-- Dumping data for table `mitu_youthcheckin`
--

INSERT INTO `mitu_youthcheckin` (`page_name`, `checked_in`) VALUES
('National Youth Festival', 0),
('National Youth Festival', 66),
('National Youth Festival 2011, Udaipur', 0),
('18th National Youth Festival 2014 in Ludhiana', 0),
('3rd National Youth Peace Festival 2012', 0),
('National Rural Youth Fest', 0),
('18Th National Youth Festival Lidhiana', 2),
('18Th National Youth Festival', 52),
('National Youth Festival, Karnataka 2016', 0),
('National Youth Festival Raipur', 79),
('National Youth Festival 2016', 0);

-- --------------------------------------------------------

--
-- Table structure for table `mitu_youthfanpost`
--

CREATE TABLE `mitu_youthfanpost` (
  `page_name` varchar(250) DEFAULT NULL,
  `fan_count` bigint(20) UNSIGNED DEFAULT NULL
) ENGINE=InnoDB DEFAULT CHARSET=latin1;

--
-- Dumping data for table `mitu_youthfanpost`
--

INSERT INTO `mitu_youthfanpost` (`page_name`, `fan_count`) VALUES
('National Youth Festival 2012, Mangalore', 2109),
('National Youth Festival', 62),
('National Youth Festival', 2),
('National Youth Festival 2011, Udaipur', 1077),
('18th National Youth Festival 2014 in Ludhiana', 112),
('3rd National Youth Peace Festival 2012', 1055),
('National Rural Youth Fest', 2219),
('18Th National Youth Festival Lidhiana', 1),
('18Th National Youth Festival', 0),
('National Youth Festival, Karnataka 2016', 84),
('National Youth Festival Raipur', 13),
('National Youth Festival 2016', 6767);

-- --------------------------------------------------------

--
-- Table structure for table `mitu_youthpeople`
--

CREATE TABLE `mitu_youthpeople` (
  `page_name` varchar(250) DEFAULT NULL,
  `people_talking` bigint(20) UNSIGNED DEFAULT NULL
) ENGINE=InnoDB DEFAULT CHARSET=latin1;

--
-- Dumping data for table `mitu_youthpeople`
--

INSERT INTO `mitu_youthpeople` (`page_name`, `people_talking`) VALUES
('National Youth Festival', 0),
('National Youth Festival', 0),
('National Youth Festival 2011, Udaipur', 2),
('18th National Youth Festival 2014 in Ludhiana', 0),
('3rd National Youth Peace Festival 2012', 50),
('National Rural Youth Fest', 5),
('18Th National Youth Festival Lidhiana', 0),
('18Th National Youth Festival', 0),
('National Youth Festival, Karnataka 2016', 0),
('National Youth Festival Raipur', 0),
('National Youth Festival 2016', 2);

-- --------------------------------------------------------

--
-- Table structure for table `posts_details`
--

CREATE TABLE `posts_details` (
  `page_id` bigint(20) UNSIGNED DEFAULT NULL,
  `post_id` varchar(100) NOT NULL,
  `created_time` varchar(100) DEFAULT NULL,
  `likes` bigint(20) UNSIGNED DEFAULT NULL,
  `comments` bigint(20) UNSIGNED DEFAULT NULL
) ENGINE=InnoDB DEFAULT CHARSET=latin1;

--
-- Dumping data for table `posts_details`
--

INSERT INTO `posts_details` (`page_id`, `post_id`, `created_time`, `likes`, `comments`) VALUES
(1200508839964140, '1200508839964140_1200509319964092', '2016-01-08T05:39:51+0000', 2, 0),
(1200508839964140, '1200508839964140_1200510033297354', '2016-01-08T05:42:48+0000', 1, 0),
(1200508839964140, '1200508839964140_1200510723297285', '2016-01-08T05:45:35+0000', 3, 1),
(1200508839964140, '1200508839964140_1200510846630606', '2016-01-08T05:46:02+0000', 2, 0),
(1200508839964140, '1200508839964140_1200510949963929', '2016-01-08T05:46:33+0000', 2, 0),
(1200508839964140, '1200508839964140_1200511326630558', '2016-01-08T05:48:14+0000', 3, 0),
(1200508839964140, '1200508839964140_1200953519919672', '2016-01-09T00:08:24+0000', 2, 0),
(1200508839964140, '1200508839964140_1201342189880805', '2016-01-09T15:48:54+0000', 3, 0),
(1200508839964140, '1200508839964140_1201652839849740', '2016-01-10T01:43:05+0000', 2, 0),
(1200508839964140, '1200508839964140_1203158849699139', '2016-01-12T10:30:55+0000', 3, 0),
(1200508839964140, '1200508839964140_1204077106273980', '2016-01-13T17:25:43+0000', 4, 0),
(1200508839964140, '1200508839964140_1206052652743092', '2016-01-17T01:53:30+0000', 2, 0),
(1200508839964140, '1200508839964140_1206055949409429', '2016-01-17T02:00:28+0000', 3, 9),
(1200508839964140, '1200508839964140_1207214999293524', '2016-01-19T02:15:06+0000', 1, 0),
(1200508839964140, '1200508839964140_1208325352515822', '2016-01-21T01:24:51+0000', 3, 0),
(1200508839964140, '1200508839964140_1208330349181989', '2016-01-21T01:32:52+0000', 2, 1),
(134479623321871, '134479623321871_129855747127472', '2011-12-08T08:01:33+0000', 10, 2),
(134479623321871, '134479623321871_135200866583080', '2011-11-06T11:04:47+0000', 12, 4),
(134479623321871, '134479623321871_148099201959913', '2011-12-08T08:00:08+0000', 8, 0),
(134479623321871, '134479623321871_148100121959821', '2011-12-08T08:06:25+0000', 54, 11),
(134479623321871, '134479623321871_158262934276873', '2012-01-01T05:43:27+0000', 14, 9),
(134479623321871, '134479623321871_158706254232541', '2012-01-02T10:22:27+0000', 75, 34),
(134479623321871, '134479623321871_162976597138840', '2012-01-12T01:20:02+0000', 11, 0),
(134479623321871, '134479623321871_162977967138703', '2012-01-12T01:24:00+0000', 24, 7),
(134479623321871, '134479623321871_163493123753854', '2012-01-13T04:49:27+0000', 4, 22),
(134479623321871, '134479623321871_163493477087152', '2012-01-13T04:50:51+0000', 9, 5),
(134479623321871, '134479623321871_163520213751145', '2012-01-13T07:05:03+0000', 14, 0),
(134479623321871, '134479623321871_163540240415809', '2012-01-13T09:00:21+0000', 9, 0),
(134479623321871, '134479623321871_163549563748210', '2012-01-13T09:54:51+0000', 14, 6),
(134479623321871, '134479623321871_163550830414750', '2012-01-13T10:01:55+0000', 29, 11),
(134479623321871, '134479623321871_163891337047366', '2012-01-14T02:30:25+0000', 11, 5),
(134479623321871, '134479623321871_163931150376718', '2012-01-14T04:49:43+0000', 16, 24),
(134479623321871, '134479623321871_163954483707718', '2012-01-14T06:35:18+0000', 21, 2),
(134479623321871, '134479623321871_163962763706890', '2012-01-14T07:18:08+0000', 17, 10),
(134479623321871, '134479623321871_164008677035632', '2012-01-14T11:22:27+0000', 14, 4),
(134479623321871, '134479623321871_164178160352017', '2012-01-14T19:31:13+0000', 106, 41),
(134479623321871, '134479623321871_164206597015840', '2012-01-14T20:44:50+0000', 41, 9),
(134479623321871, '134479623321871_164353090334524', '2012-01-15T04:45:06+0000', 13, 6),
(134479623321871, '134479623321871_164354090334424', '2012-01-15T04:49:20+0000', 53, 28),
(134479623321871, '134479623321871_164368583666308', '2012-01-15T05:55:47+0000', 15, 4),
(134479623321871, '134479623321871_164370543666112', '2012-01-15T06:06:07+0000', 18, 5),
(134479623321871, '134479623321871_164372526999247', '2012-01-15T06:16:26+0000', 10, 0),
(134479623321871, '134479623321871_164375610332272', '2012-01-15T06:33:36+0000', 28, 4),
(134479623321871, '134479623321871_164431166993383', '2012-01-15T11:07:04+0000', 16, 19),
(134479623321871, '134479623321871_164807663622400', '2012-01-16T05:58:03+0000', 16, 0),
(134479623321871, '134479623321871_164809570288876', '2012-01-16T06:08:05+0000', 32, 4),
(134479623321871, '134479623321871_164855456950954', '2012-01-16T10:24:16+0000', 46, 19),
(134479623321871, '134479623321871_165010410268792', '2012-01-16T16:56:25+0000', 29, 21),
(134479623321871, '134479623321871_165052343597932', '2012-01-16T18:33:02+0000', 36, 6),
(134479623321871, '134479623321871_165055336930966', '2012-01-16T18:40:11+0000', 22, 0),
(134479623321871, '134479623321871_165059196930580', '2012-01-16T18:48:04+0000', 77, 13),
(134479623321871, '134479623321871_165094866927013', '2012-01-16T20:05:42+0000', 28, 3),
(134479623321871, '134479623321871_165311793571987', '2012-01-17T06:36:55+0000', 24, 1),
(134479623321871, '134479623321871_165370000232833', '2012-01-17T11:52:56+0000', 72, 17),
(134479623321871, '134479623321871_227747323972441', '2012-01-12T02:02:42+0000', 35, 13),
(134479623321871, '134479623321871_229889013741186', '2011-11-08T13:37:33+0000', 4, 0),
(134479623321871, '134479623321871_257662067670292', '2012-08-21T11:07:03+0000', 3, 0),
(134479623321871, '134479623321871_302079533138122', '2011-11-06T10:24:50+0000', 3, 7),
(134479623321871, '134479623321871_546774945425668', '2014-12-11T19:27:52+0000', 0, 0),
(1661056520848477, '1661056520848477_1661798960774233', '2016-01-01T10:09:42+0000', 4, 0),
(1661056520848477, '1661056520848477_1661814364106026', '2016-01-01T10:59:00+0000', 5, 0),
(1661056520848477, '1661056520848477_1661842924103170', '2016-01-01T12:29:36+0000', 10, 0),
(1661056520848477, '1661056520848477_1662099287410867', '2016-01-02T06:17:10+0000', 2, 0),
(1661056520848477, '1661056520848477_1662101244077338', '2016-01-02T06:26:17+0000', 7, 0),
(1661056520848477, '1661056520848477_1662151584072304', '2016-01-02T12:30:00+0000', 4, 0),
(1661056520848477, '1661056520848477_1662770414010421', '2016-01-04T05:41:48+0000', 3, 0),
(1661056520848477, '1661056520848477_1662795140674615', '2016-01-04T08:24:47+0000', 7, 1),
(1661056520848477, '1661056520848477_1662795577341238', '2016-01-04T08:27:02+0000', 11, 0),
(1661056520848477, '1661056520848477_1663127613974701', '2016-01-05T11:13:52+0000', 16, 0),
(1661056520848477, '1661056520848477_1663254950628634', '2016-01-05T17:45:55+0000', 26, 0),
(1661056520848477, '1661056520848477_1663425570611572', '2016-01-06T06:50:02+0000', 10, 0),
(1661056520848477, '1661056520848477_1663465167274279', '2016-01-06T11:15:44+0000', 6, 0),
(1661056520848477, '1661056520848477_1663719993915463', '2016-01-07T04:26:53+0000', 26, 0),
(1661056520848477, '1661056520848477_1663742127246583', '2016-01-07T06:05:49+0000', 6, 0),
(1661056520848477, '1661056520848477_1663796080574521', '2016-01-07T10:55:01+0000', 9, 0),
(1661056520848477, '1661056520848477_1663808080573321', '2016-01-07T12:01:03+0000', 19, 0),
(1661056520848477, '1661056520848477_1663876260566503', '2016-01-07T15:07:31+0000', 8, 0),
(1661056520848477, '1661056520848477_1663924263895036', '2016-01-07T18:22:24+0000', 4, 0),
(1661056520848477, '1661056520848477_1664065077214288', '2016-01-08T05:42:02+0000', 5, 0),
(1661056520848477, '1661056520848477_1664066717214124', '2016-01-08T05:49:31+0000', 2, 0),
(1661056520848477, '1661056520848477_1664066887214107', '2016-01-08T05:50:28+0000', 1, 0),
(1661056520848477, '1661056520848477_1664067280547401', '2016-01-08T05:53:42+0000', 1, 0),
(1661056520848477, '1661056520848477_1664067690547360', '2016-01-08T05:57:19+0000', 1, 0),
(1661056520848477, '1661056520848477_1664068057213990', '2016-01-08T05:58:21+0000', 11, 0),
(1661056520848477, '1661056520848477_1664068817213914', '2016-01-08T06:00:56+0000', 1, 0),
(1661056520848477, '1661056520848477_1664069077213888', '2016-01-08T06:02:25+0000', 1, 0),
(1661056520848477, '1661056520848477_1664069387213857', '2016-01-08T06:04:21+0000', 2, 0),
(1661056520848477, '1661056520848477_1664069817213814', '2016-01-08T06:08:03+0000', 1, 0),
(1661056520848477, '1661056520848477_1664070110547118', '2016-01-08T06:10:28+0000', 1, 0),
(1661056520848477, '1661056520848477_1664070787213717', '2016-01-08T06:14:21+0000', 1, 0),
(1661056520848477, '1661056520848477_1664070950547034', '2016-01-08T06:18:19+0000', 5, 0),
(1661056520848477, '1661056520848477_1664072513880211', '2016-01-08T06:20:44+0000', 1, 0),
(1661056520848477, '1661056520848477_1664072863880176', '2016-01-08T06:22:40+0000', 1, 0),
(1661056520848477, '1661056520848477_1664074747213321', '2016-01-08T06:28:49+0000', 1, 0),
(1661056520848477, '1661056520848477_1664075470546582', '2016-01-08T06:32:51+0000', 1, 1),
(1661056520848477, '1661056520848477_1664076087213187', '2016-01-08T06:35:31+0000', 4, 0),
(1661056520848477, '1661056520848477_1664093743878088', '2016-01-08T08:22:55+0000', 4, 0),
(1661056520848477, '1661056520848477_1664167717204024', '2016-01-08T13:40:58+0000', 10, 0),
(1661056520848477, '1661056520848477_1664396260514503', '2016-01-09T05:40:51+0000', 11, 0),
(1661056520848477, '1661056520848477_1664411377179658', '2016-01-09T06:41:28+0000', 6, 0),
(1661056520848477, '1661056520848477_1664411757179620', '2016-01-09T06:46:33+0000', 12, 0),
(1661056520848477, '1661056520848477_1664460700508059', '2016-01-09T10:40:12+0000', 25, 2),
(1661056520848477, '1661056520848477_1664487767172019', '2016-01-09T12:16:37+0000', 9, 1),
(1661056520848477, '1661056520848477_1664753270478802', '2016-01-10T04:00:36+0000', 31, 1),
(1661056520848477, '1661056520848477_1664926683794794', '2016-01-10T14:42:49+0000', 21, 0),
(1661056520848477, '1661056520848477_1664977050456424', '2016-01-10T17:34:34+0000', 12, 0),
(1661056520848477, '1661056520848477_1665148630439266', '2016-01-11T05:52:07+0000', 167, 1),
(1661056520848477, '1661056520848477_1665155163771946', '2016-01-11T06:26:22+0000', 3, 0),
(1661056520848477, '1661056520848477_1665162993771163', '2016-01-11T09:30:00+0000', 110, 0),
(1661056520848477, '1661056520848477_1665186187102177', '2016-01-11T08:09:02+0000', 3, 0),
(1661056520848477, '1661056520848477_1665272020426927', '2016-01-11T12:25:00+0000', 10, 0),
(1661056520848477, '1661056520848477_1665278353759627', '2016-01-11T13:30:00+0000', 5, 0),
(1661056520848477, '1661056520848477_1665510790403050', '2016-01-12T02:05:37+0000', 514, 5),
(1661056520848477, '1661056520848477_1665541903733272', '2016-01-12T04:22:53+0000', 439, 0),
(1661056520848477, '1661056520848477_1665582623729200', '2016-01-12T07:43:34+0000', 14, 0),
(1661056520848477, '1661056520848477_1665588117061984', '2016-01-12T08:16:56+0000', 7, 0),
(1661056520848477, '1661056520848477_1665588910395238', '2016-01-12T08:36:00+0000', 3, 0),
(1661056520848477, '1661056520848477_1665589903728472', '2016-01-12T08:50:01+0000', 2, 0),
(1661056520848477, '1661056520848477_1665590817061714', '2016-01-12T08:55:00+0000', 9, 0),
(1661056520848477, '1661056520848477_1665591057061690', '2016-01-12T08:31:55+0000', 5, 0),
(1661056520848477, '1661056520848477_1665591737061622', '2016-01-12T08:35:50+0000', 3, 0),
(1661056520848477, '1661056520848477_1665593727061423', '2016-01-12T08:49:16+0000', 7, 0),
(1661056520848477, '1661056520848477_1665594773727985', '2016-01-12T08:53:33+0000', 21, 0),
(1661056520848477, '1661056520848477_1665603177060478', '2016-01-12T09:47:55+0000', 5, 0),
(1661056520848477, '1661056520848477_1665603763727086', '2016-01-12T09:55:53+0000', 3, 0),
(1661056520848477, '1661056520848477_1665605017060294', '2016-01-12T09:58:45+0000', 2, 0),
(1661056520848477, '1661056520848477_1665605740393555', '2016-01-12T10:02:56+0000', 1, 0),
(1661056520848477, '1661056520848477_1665606400393489', '2016-01-12T10:07:02+0000', 2, 0),
(1661056520848477, '1661056520848477_1665608380393291', '2016-01-12T10:12:08+0000', 4, 0),
(1661056520848477, '1661056520848477_1665608527059943', '2016-01-12T10:12:48+0000', 1, 0),
(1661056520848477, '1661056520848477_1665609427059853', '2016-01-12T10:17:32+0000', 2, 0),
(1661056520848477, '1661056520848477_1665610280393101', '2016-01-12T10:21:41+0000', 1, 0),
(1661056520848477, '1661056520848477_1665611830392946', '2016-01-12T10:31:04+0000', 1, 0),
(1661056520848477, '1661056520848477_1665612203726242', '2016-01-12T10:34:13+0000', 1, 0),
(1661056520848477, '1661056520848477_1665613250392804', '2016-01-12T10:41:18+0000', 2, 0),
(1661056520848477, '1661056520848477_1665613417059454', '2016-01-12T10:42:40+0000', 1, 0),
(1661056520848477, '1661056520848477_1665613513726111', '2016-01-12T10:43:27+0000', 1, 0),
(1661056520848477, '1661056520848477_1665613727059423', '2016-01-12T10:45:19+0000', 1, 0),
(1661056520848477, '1661056520848477_1665613833726079', '2016-01-12T10:45:59+0000', 1, 0),
(1661056520848477, '1661056520848477_1665614150392714', '2016-01-12T10:47:32+0000', 1, 0),
(1661056520848477, '1661056520848477_1665614283726034', '2016-01-12T10:48:04+0000', 1, 0),
(1661056520848477, '1661056520848477_1665614477059348', '2016-01-12T10:49:51+0000', 1, 0),
(1661056520848477, '1661056520848477_1665616103725852', '2016-01-12T10:53:48+0000', 1, 0),
(1661056520848477, '1661056520848477_1665616423725820', '2016-01-12T10:56:43+0000', 1, 0),
(1661056520848477, '1661056520848477_1665616547059141', '2016-01-12T10:57:45+0000', 1, 0),
(1661056520848477, '1661056520848477_1665617040392425', '2016-01-12T11:01:40+0000', 2, 0),
(1661056520848477, '1661056520848477_1665617617059034', '2016-01-12T11:06:38+0000', 1, 0),
(1661056520848477, '1661056520848477_1665617863725676', '2016-01-12T11:08:20+0000', 1, 0),
(1661056520848477, '1661056520848477_1665618810392248', '2016-01-12T11:13:06+0000', 3, 0),
(1661056520848477, '1661056520848477_1665619053725557', '2016-01-12T11:15:09+0000', 2, 0),
(1661056520848477, '1661056520848477_1665619187058877', '2016-01-12T11:16:09+0000', 1, 0),
(1661056520848477, '1661056520848477_1665619487058847', '2016-01-12T11:18:25+0000', 3, 0),
(1661056520848477, '1661056520848477_1665619867058809', '2016-01-12T11:20:51+0000', 2, 0),
(1661056520848477, '1661056520848477_1665620373725425', '2016-01-12T11:22:42+0000', 1, 0),
(1661056520848477, '1661056520848477_1665620610392068', '2016-01-12T11:24:03+0000', 1, 0),
(1661056520848477, '1661056520848477_1665620953725367', '2016-01-12T11:26:18+0000', 1, 0),
(1661056520848477, '1661056520848477_1665621020392027', '2016-01-12T11:26:50+0000', 1, 0),
(1661056520848477, '1661056520848477_1665621210392008', '2016-01-12T11:27:59+0000', 1, 0),
(1661056520848477, '1661056520848477_1680253725554279', '2016-01-06T10:22:46+0000', 22, 0),
(531381583546844, '531381583546844_1084650524886611', '2015-12-09T05:52:24+0000', 4, 0),
(531381583546844, '531381583546844_1084881524863511', '2015-12-09T18:18:06+0000', 20, 0),
(531381583546844, '531381583546844_1085288784822785', '2015-12-10T16:07:29+0000', 6, 0),
(531381583546844, '531381583546844_1085289561489374', '2015-12-10T16:08:03+0000', 12, 0),
(531381583546844, '531381583546844_1085681578116839', '2015-12-11T11:28:10+0000', 20, 0),
(531381583546844, '531381583546844_1085821314769532', '2015-12-11T15:34:19+0000', 7, 0),
(531381583546844, '531381583546844_1086080608076936', '2015-12-12T05:54:49+0000', 7, 1),
(531381583546844, '531381583546844_1086332174718446', '2015-12-12T18:28:43+0000', 9, 0),
(531381583546844, '531381583546844_1086333274718336', '2015-12-12T18:32:57+0000', 15, 0),
(531381583546844, '531381583546844_1086926271325703', '2015-12-13T20:53:20+0000', 2, 1),
(531381583546844, '531381583546844_1087618457923151', '2015-12-15T07:42:06+0000', 3, 0),
(531381583546844, '531381583546844_1087825831235747', '2015-12-15T17:09:29+0000', 8, 0),
(531381583546844, '531381583546844_1087830264568637', '2015-12-15T17:24:40+0000', 2, 0),
(531381583546844, '531381583546844_1087831014568562', '2015-12-15T17:27:44+0000', 5, 0),
(531381583546844, '531381583546844_1087839017901095', '2015-12-15T17:56:38+0000', 3, 1),
(531381583546844, '531381583546844_1088086561209674', '2015-12-16T09:44:12+0000', 8, 0),
(531381583546844, '531381583546844_1088700537814943', '2015-12-17T14:27:28+0000', 5, 0),
(531381583546844, '531381583546844_1089042101114120', '2015-12-18T06:49:05+0000', 1, 0),
(531381583546844, '531381583546844_1089098154441848', '2015-12-18T09:25:19+0000', 9, 1),
(531381583546844, '531381583546844_1089314341086896', '2015-12-18T18:36:34+0000', 7, 0),
(531381583546844, '531381583546844_1090763617608635', '2015-12-21T12:45:59+0000', 6, 0),
(531381583546844, '531381583546844_1091773907507606', '2015-12-23T09:00:35+0000', 5, 0),
(531381583546844, '531381583546844_1096012530417077', '2015-12-30T11:33:07+0000', 0, 0),
(531381583546844, '531381583546844_1096464793705184', '2015-12-31T04:59:16+0000', 0, 0),
(531381583546844, '531381583546844_1096568687028128', '2015-12-31T11:00:30+0000', 1, 0),
(531381583546844, '531381583546844_1096569103694753', '2015-12-31T11:01:37+0000', 4, 0),
(531381583546844, '531381583546844_1097349780283352', '2016-01-01T17:53:03+0000', 19, 0),
(531381583546844, '531381583546844_1097351650283165', '2016-01-01T17:57:46+0000', 8, 0),
(531381583546844, '531381583546844_1097590256925971', '2016-01-02T05:24:16+0000', 12, 0),
(531381583546844, '531381583546844_1099255140092816', '2016-01-05T06:40:46+0000', 11, 0),
(531381583546844, '531381583546844_1504283833177623', '2014-12-05T14:51:42+0000', 5, 2),
(531381583546844, '531381583546844_461609953900849', '2013-01-06T14:29:22+0000', 7, 0),
(531381583546844, '531381583546844_522030044495599', '2013-01-22T14:03:41+0000', 2, 0),
(531381583546844, '531381583546844_531753040176365', '2013-01-05T20:00:00+0000', 12, 0),
(531381583546844, '531381583546844_531755110176158', '2013-01-07T08:02:10+0000', 5, 1),
(531381583546844, '531381583546844_531756476842688', '2013-01-07T08:06:24+0000', 3, 1),
(531381583546844, '531381583546844_531767380174931', '2013-01-07T08:40:50+0000', 8, 1),
(531381583546844, '531381583546844_533188573366145', '2013-01-10T11:45:30+0000', 9, 0),
(531381583546844, '531381583546844_533188683366134', '2013-01-10T11:46:04+0000', 15, 0),
(531381583546844, '531381583546844_533190966699239', '2013-01-10T11:56:27+0000', 7, 0),
(531381583546844, '531381583546844_533192556699080', '2013-01-10T12:02:57+0000', 8, 0),
(531381583546844, '531381583546844_548981448462813', '2013-01-06T20:22:49+0000', 4, 0),
(531381583546844, '531381583546844_697668176918183', '2013-12-14T09:54:00+0000', 4, 0),
(531381583546844, '531381583546844_697745183577149', '2013-12-14T13:38:07+0000', 21, 0),
(531381583546844, '531381583546844_700930103258657', '2013-12-19T17:01:02+0000', 15, 1),
(531381583546844, '531381583546844_704891949529139', '2013-12-27T18:24:52+0000', 11, 4),
(531381583546844, '531381583546844_705762716108729', '2013-12-29T13:19:20+0000', 7, 0),
(531381583546844, '531381583546844_888668287818170', '2014-12-01T10:08:07+0000', 6, 0),
(531381583546844, '531381583546844_888669377818061', '2014-12-01T10:13:04+0000', 10, 0),
(531381583546844, '531381583546844_890898420928490', '2014-12-05T14:44:51+0000', 15, 0),
(531381583546844, '531381583546844_891213037563695', '2014-12-06T04:22:19+0000', 5, 0),
(531381583546844, '531381583546844_891215924230073', '2014-12-06T04:33:13+0000', 1, 0),
(531381583546844, '531381583546844_891446944206971', '2014-12-06T13:46:44+0000', 7, 0),
(531381583546844, '531381583546844_891461570872175', '2014-12-06T14:12:17+0000', 5, 0),
(531381583546844, '531381583546844_891786780839654', '2014-12-07T05:29:25+0000', 2, 0),
(531381583546844, '531381583546844_899020803449585', '2014-12-20T10:40:59+0000', 7, 0),
(531381583546844, '531381583546844_899030403448625', '2014-12-20T11:15:09+0000', 6, 0),
(531381583546844, '531381583546844_903063963102861', '2015-12-13T09:06:04+0000', 10, 0),
(531381583546844, '531381583546844_908955995789399', '2015-01-02T16:23:30+0000', 13, 0),
(531381583546844, '531381583546844_908995202452145', '2015-01-02T17:35:16+0000', 19, 1),
(531381583546844, '531381583546844_909270452424620', '2015-01-03T03:28:41+0000', 4, 0),
(531381583546844, '531381583546844_909369242414741', '2015-01-03T08:01:18+0000', 29, 0),
(531381583546844, '531381583546844_909451009073231', '2015-01-03T12:34:04+0000', 37, 2),
(531381583546844, '531381583546844_909935185691480', '2015-01-04T09:10:27+0000', 31, 0),
(531381583546844, '531381583546844_910193798998952', '2015-01-04T04:40:00+0000', 63, 3),
(531381583546844, '531381583546844_910200708998261', '2015-01-04T19:07:29+0000', 72, 1),
(531381583546844, '531381583546844_910202098998122', '2015-01-03T04:40:00+0000', 1, 0),
(531381583546844, '531381583546844_910212402330425', '2015-01-03T14:50:00+0000', 1, 0),
(531381583546844, '531381583546844_910212422330423', '2015-01-04T19:16:16+0000', 122, 2),
(531381583546844, '531381583546844_910215125663486', '2015-01-01T17:50:00+0000', 16, 0),
(531381583546844, '531381583546844_910215995663399', '2015-01-02T02:40:00+0000', 15, 0),
(531381583546844, '531381583546844_910221918996140', '2015-01-04T19:09:34+0000', 67, 2),
(531381583546844, '531381583546844_910223755662623', '2015-01-03T06:30:00+0000', 18, 0),
(531381583546844, '531381583546844_910225448995787', '2015-01-04T20:00:25+0000', 68, 3);

--
-- Indexes for dumped tables
--

--
-- Indexes for table `facebook_pages`
--
ALTER TABLE `facebook_pages`
  ADD PRIMARY KEY (`page_id`);

--
-- Indexes for table `posts_details`
--
ALTER TABLE `posts_details`
  ADD PRIMARY KEY (`post_id`);

/*!40101 SET CHARACTER_SET_CLIENT=@OLD_CHARACTER_SET_CLIENT */;
/*!40101 SET CHARACTER_SET_RESULTS=@OLD_CHARACTER_SET_RESULTS */;
/*!40101 SET COLLATION_CONNECTION=@OLD_COLLATION_CONNECTION */;
